<?xml version="1.0" encoding="utf-8"?>
<?xml-stylesheet type="text/xsl" encoding="UTF-8" href="iform.xsl" version="1.0"?>
<!DOCTYPE instructionsection PUBLIC "-//ARM//DTD instructionsection //EN" "iform-p.dtd">
<!-- Copyright (c) 2010-2023 Arm Limited or its affiliates. All rights reserved. -->
<!-- This document is Non-Confidential. This document may only be used and distributed in accordance with the terms of the agreement entered into by Arm and the party that Arm delivered this document to. -->

<instructionsection id="ADC" title="ADC -- A64" type="instruction">
  <docvars>
    <docvar key="cond-setting" value="no-s"/>
    <docvar key="instr-class" value="general"/>
    <docvar key="isa" value="A64"/>
    <docvar key="mnemonic" value="ADC"/>
  </docvars>
  <heading>ADC</heading>
  <desc>
    <brief>
      <para>Add with Carry</para>
    </brief>
    <authored>
      <para>Add with Carry adds two register values and the Carry flag
value, and writes the result to the destination register.</para>
    </authored>
  </desc>
  <operationalnotes>
    <para>If PSTATE.DIT is 1:</para>
    <list type="unordered">
      <listitem>
        <content>The execution time of this instruction is independent of:<list type="unordered">
            <listitem>
              <content>The values of the data supplied in any of its registers.</content>
            </listitem>
            <listitem>
              <content>The values of the NZCV flags.</content>
            </listitem>
          </list>
        </content>
      </listitem>
      <listitem>
        <content>The response of this instruction to asynchronous exceptions does not vary based on:<list type="unordered">
            <listitem>
              <content>The values of the data supplied in any of its registers.</content>
            </listitem>
            <listitem>
              <content>The values of the NZCV flags.</content>
            </listitem>
          </list>
        </content>
      </listitem>
    </list>
  </operationalnotes>
  <alias_list howmany="0"/>
  <classes>
    <iclass name="Not setting the condition flags" oneof="1" id="iclass_not_setting_the_condition_flags" no_encodings="2" isa="A64">
      <docvars>
        <docvar key="cond-setting" value="no-s"/>
        <docvar key="instr-class" value="general"/>
        <docvar key="isa" value="A64"/>
        <docvar key="mnemonic" value="ADC"/>
      </docvars>
      <iclassintro count="2"/>
      <regdiagram form="32" psname="A64.dpreg.addsub_carry.ADC_32_addsub_carry" tworows="1">
        <box hibit="31" width="1" name="sf" usename="1">
          <c colspan="1"/>
        </box>
        <box hibit="30" name="op" usename="1" settings="1" psbits="x">
          <c>0</c>
        </box>
        <box hibit="29" name="S" usename="1" settings="1" psbits="x">
          <c>0</c>
        </box>
        <box hibit="28" width="8" settings="8">
          <c>1</c>
          <c>1</c>
          <c>0</c>
          <c>1</c>
          <c>0</c>
          <c>0</c>
          <c>0</c>
          <c>0</c>
        </box>
        <box hibit="20" width="5" name="Rm" usename="1">
          <c colspan="5"/>
        </box>
        <box hibit="15" width="6" settings="6">
          <c>0</c>
          <c>0</c>
          <c>0</c>
          <c>0</c>
          <c>0</c>
          <c>0</c>
        </box>
        <box hibit="9" width="5" name="Rn" usename="1">
          <c colspan="5"/>
        </box>
        <box hibit="4" width="5" name="Rd" usename="1">
          <c colspan="5"/>
        </box>
      </regdiagram>
      <encoding name="ADC_32_addsub_carry" oneofinclass="2" oneof="2" label="32-bit" bitdiffs="sf == 0">
        <docvars>
          <docvar key="datatype" value="32"/>
          <docvar key="isa" value="A64"/>
          <docvar key="mnemonic" value="ADC"/>
          <docvar key="instr-class" value="general"/>
          <docvar key="cond-setting" value="no-s"/>
        </docvars>
        <box hibit="31" width="1" name="sf">
          <c>0</c>
        </box>
        <asmtemplate><text>ADC  </text><a hover="Is the 32-bit name of the general-purpose destination register, encoded in the &quot;Rd&quot; field." link="WdOrWZR">&lt;Wd&gt;</a><text>, </text><a hover="Is the 32-bit name of the first general-purpose source register, encoded in the &quot;Rn&quot; field." link="WnOrWZR__3">&lt;Wn&gt;</a><text>, </text><a hover="Is the 32-bit name of the second general-purpose source register, encoded in the &quot;Rm&quot; field." link="WmOrWZR__2">&lt;Wm&gt;</a></asmtemplate>
      </encoding>
      <encoding name="ADC_64_addsub_carry" oneofinclass="2" oneof="2" label="64-bit" bitdiffs="sf == 1">
        <docvars>
          <docvar key="datatype" value="64"/>
          <docvar key="isa" value="A64"/>
          <docvar key="mnemonic" value="ADC"/>
          <docvar key="instr-class" value="general"/>
          <docvar key="cond-setting" value="no-s"/>
        </docvars>
        <box hibit="31" width="1" name="sf">
          <c>1</c>
        </box>
        <asmtemplate><text>ADC  </text><a hover="Is the 64-bit name of the general-purpose destination register, encoded in the &quot;Rd&quot; field." link="XdOrXZR__6">&lt;Xd&gt;</a><text>, </text><a hover="Is the 64-bit name of the first general-purpose source register, encoded in the &quot;Rn&quot; field." link="XnOrXZR__12">&lt;Xn&gt;</a><text>, </text><a hover="Is the 64-bit name of the second general-purpose source register, encoded in the &quot;Rm&quot; field." link="XmOrXZR__4">&lt;Xm&gt;</a></asmtemplate>
      </encoding>
      <ps_section howmany="1">
        <ps name="A64.dpreg.addsub_carry.ADC_32_addsub_carry" sections="1" secttype="noheading">
          <pstext mayhavelinks="1" section="Decode" rep_section="decode">integer d = <a link="impl-shared.UInt.1" file="shared_pseudocode.xml" hover="function: integer UInt(bits(N) x)">UInt</a>(Rd);
integer n = <a link="impl-shared.UInt.1" file="shared_pseudocode.xml" hover="function: integer UInt(bits(N) x)">UInt</a>(Rn);
integer m = <a link="impl-shared.UInt.1" file="shared_pseudocode.xml" hover="function: integer UInt(bits(N) x)">UInt</a>(Rm);
constant integer datasize = 32 &lt;&lt; <a link="impl-shared.UInt.1" file="shared_pseudocode.xml" hover="function: integer UInt(bits(N) x)">UInt</a>(sf);</pstext>
        </ps>
      </ps_section>
    </iclass>
  </classes>
  <explanations scope="all">
    <explanation enclist="ADC_32_addsub_carry" symboldefcount="1">
      <symbol link="WdOrWZR">&lt;Wd&gt;</symbol>
      <account encodedin="Rd">
        <intro>
          <para>Is the 32-bit name of the general-purpose destination register, encoded in the "Rd" field.</para>
        </intro>
      </account>
    </explanation>
    <explanation enclist="ADC_32_addsub_carry" symboldefcount="1">
      <symbol link="WnOrWZR__3">&lt;Wn&gt;</symbol>
      <account encodedin="Rn">
        <intro>
          <para>Is the 32-bit name of the first general-purpose source register, encoded in the "Rn" field.</para>
        </intro>
      </account>
    </explanation>
    <explanation enclist="ADC_32_addsub_carry" symboldefcount="1">
      <symbol link="WmOrWZR__2">&lt;Wm&gt;</symbol>
      <account encodedin="Rm">
        <intro>
          <para>Is the 32-bit name of the second general-purpose source register, encoded in the "Rm" field.</para>
        </intro>
      </account>
    </explanation>
    <explanation enclist="ADC_64_addsub_carry" symboldefcount="1">
      <symbol link="XdOrXZR__6">&lt;Xd&gt;</symbol>
      <account encodedin="Rd">
        <intro>
          <para>Is the 64-bit name of the general-purpose destination register, encoded in the "Rd" field.</para>
        </intro>
      </account>
    </explanation>
    <explanation enclist="ADC_64_addsub_carry" symboldefcount="1">
      <symbol link="XnOrXZR__12">&lt;Xn&gt;</symbol>
      <account encodedin="Rn">
        <intro>
          <para>Is the 64-bit name of the first general-purpose source register, encoded in the "Rn" field.</para>
        </intro>
      </account>
    </explanation>
    <explanation enclist="ADC_64_addsub_carry" symboldefcount="1">
      <symbol link="XmOrXZR__4">&lt;Xm&gt;</symbol>
      <account encodedin="Rm">
        <intro>
          <para>Is the 64-bit name of the second general-purpose source register, encoded in the "Rm" field.</para>
        </intro>
      </account>
    </explanation>
  </explanations>
  <ps_section howmany="1">
    <ps name="A64.dpreg.addsub_carry.ADC_32_addsub_carry" sections="1" secttype="Operation">
      <pstext mayhavelinks="1" section="Execute" rep_section="execute">bits(datasize) result;
bits(datasize) operand1 = <a link="impl-aarch64.X.read.2" file="shared_pseudocode.xml" hover="accessor: bits(width) X[integer n, integer width]">X</a>[n, datasize];
bits(datasize) operand2 = <a link="impl-aarch64.X.read.2" file="shared_pseudocode.xml" hover="accessor: bits(width) X[integer n, integer width]">X</a>[m, datasize];

(result, -) = <a link="impl-shared.AddWithCarry.3" file="shared_pseudocode.xml" hover="function: (bits(N), bits(4)) AddWithCarry(bits(N) x, bits(N) y, bit carry_in)">AddWithCarry</a>(operand1, operand2, PSTATE.C);

<a link="impl-aarch64.X.write.2" file="shared_pseudocode.xml" hover="accessor: X[integer n, integer width] = bits(width) value">X</a>[d, datasize] = result;</pstext>
    </ps>
  </ps_section>
</instructionsection>

