<?xml version="1.0" encoding="utf-8"?>
<?xml-stylesheet type="text/xsl" encoding="UTF-8" href="iform.xsl" version="1.0"?>
<!DOCTYPE instructionsection PUBLIC "-//ARM//DTD instructionsection //EN" "iform-p.dtd">
<!-- Copyright (c) 2010-2023 Arm Limited or its affiliates. All rights reserved. -->
<!-- This document is Non-Confidential. This document may only be used and distributed in accordance with the terms of the agreement entered into by Arm and the party that Arm delivered this document to. -->

<instructionsection id="add_za_zzw" title="ADD (array results, multiple vectors)" type="instruction">
  <docvars>
    <docvar key="instr-class" value="mortlach2" />
    <docvar key="isa" value="A64" />
    <docvar key="mnemonic" value="ADD" />
  </docvars>
  <heading>ADD (array results, multiple vectors)</heading>
  <desc>
    <brief>Add multi-vector to multi-vector with ZA array vector results</brief>
    <description>
      <para>Add all corresponding elements of the two or four second source vectors and first source vectors and place the results in the corresponding elements of the ZA single-vector groups. The vector numbers forming the single-vector group within each half of or each quarter of the ZA array are selected by the sum of the vector select register and immediate offset, modulo half or quarter the number of ZA array vectors.</para>
      <para>The <arm-defined-word>vector group</arm-defined-word> symbol, <syntax>VGx2</syntax> or <syntax>VGx4</syntax>, indicates that the ZA operand consists of two or four ZA single-vector groups respectively. The <arm-defined-word>vector group</arm-defined-word> symbol is preferred for disassembly, but optional in assembler source code.</para>
      <para>This instruction is unpredicated.</para>
      <para>ID_AA64SMFR0_EL1.I16I64 indicates whether the 64-bit integer variant is implemented.</para>
    </description>
    <status>Green</status>
    <predicated>False</predicated>
    <uses_dit condition="FEAT_SVE2 is implemented or FEAT_SME is implemented">True</uses_dit>
    <sm_policy>SM_1_only</sm_policy>
  </desc>
  <alias_list howmany="0"></alias_list>
  <classes>
    <classesintro count="2">
      <txt>It has encodings from 2 classes:</txt>
      <a href="#iclass_sme_vgx2_single">Two ZA single-vectors</a>
      <txt> and </txt>
      <a href="#iclass_sme_vgx4_single">Four ZA single-vectors</a>
    </classesintro>
    <iclass name="Two ZA single-vectors" oneof="2" id="iclass_sme_vgx2_single" no_encodings="1" isa="A64">
      <docvars>
        <docvar key="instr-class" value="mortlach2" />
        <docvar key="isa" value="A64" />
        <docvar key="mnemonic" value="ADD" />
        <docvar key="sme-multireg" value="sme-vgx2-single" />
      </docvars>
      <iclassintro count="1"></iclassintro>
      <arch_variants>
        <arch_variant name="FEAT_SME2" feature="FEAT_SME2" />
      </arch_variants>
      <regdiagram form="32" psname="ADD-ZA.ZZW-2x2" tworows="1">
        <box hibit="31" width="9" settings="9">
          <c>1</c>
          <c>1</c>
          <c>0</c>
          <c>0</c>
          <c>0</c>
          <c>0</c>
          <c>0</c>
          <c>1</c>
          <c>1</c>
        </box>
        <box hibit="22" name="sz" usename="1">
          <c></c>
        </box>
        <box hibit="21" settings="1">
          <c>1</c>
        </box>
        <box hibit="20" width="4" name="Zm" usename="1">
          <c colspan="4"></c>
        </box>
        <box hibit="16" width="2" settings="2">
          <c>0</c>
          <c>0</c>
        </box>
        <box hibit="14" width="2" name="Rv" usename="1">
          <c colspan="2"></c>
        </box>
        <box hibit="12" width="3" settings="3">
          <c>1</c>
          <c>1</c>
          <c>0</c>
        </box>
        <box hibit="9" width="4" name="Zn" usename="1">
          <c colspan="4"></c>
        </box>
        <box hibit="5" width="2" settings="2">
          <c>0</c>
          <c>1</c>
        </box>
        <box hibit="3" name="S" usename="1" settings="1">
          <c>0</c>
        </box>
        <box hibit="2" width="3" name="off3" usename="1">
          <c colspan="3"></c>
        </box>
      </regdiagram>
      <encoding name="add_za_zzw_2x2" oneofinclass="1" oneof="2" label="">
        <docvars>
          <docvar key="instr-class" value="mortlach2" />
          <docvar key="isa" value="A64" />
          <docvar key="mnemonic" value="ADD" />
          <docvar key="sme-multireg" value="sme-vgx2-single" />
        </docvars>
        <asmtemplate><text>ADD     ZA.</text><a link="sa_t" hover="Size specifier (field &quot;sz&quot;) [D,S]">&lt;T&gt;</a><text>[</text><a link="sa_wv" hover="32-bit vector select register W8-W11 (field &quot;Rv&quot;)">&lt;Wv&gt;</a><text>, </text><a link="sa_offs" hover="Vector select offset [0-7] (field &quot;off3&quot;)">&lt;offs&gt;</a><a>{, VGx2}</a><text>], </text><text>{</text><text> </text><a link="sa_zn1" hover="First scalable vector register of first source multi-vector group (field Zn)">&lt;Zn1&gt;</a><text>.</text><a link="sa_t" hover="Size specifier (field &quot;sz&quot;) [D,S]">&lt;T&gt;</a><text>-</text><a link="sa_zn2" hover="Second scalable vector register of first source multi-vector group (field Zn)">&lt;Zn2&gt;</a><text>.</text><a link="sa_t" hover="Size specifier (field &quot;sz&quot;) [D,S]">&lt;T&gt;</a><text> </text><text>}</text><text>, </text><text>{</text><text> </text><a link="sa_zm1" hover="First scalable vector register of second source multi-vector group (field Zm)">&lt;Zm1&gt;</a><text>.</text><a link="sa_t" hover="Size specifier (field &quot;sz&quot;) [D,S]">&lt;T&gt;</a><text>-</text><a link="sa_zm2" hover="Second scalable vector register of second source multi-vector group (field Zm)">&lt;Zm2&gt;</a><text>.</text><a link="sa_t" hover="Size specifier (field &quot;sz&quot;) [D,S]">&lt;T&gt;</a><text> </text><text>}</text></asmtemplate>
      </encoding>
      <ps_section howmany="1">
        <ps name="ADD-ZA.ZZW-2x2" mylink="ADD-ZA.ZZW-2x2" enclabels="" sections="1" secttype="noheading">
          <pstext mayhavelinks="1" section="Decode" rep_section="decode">if !<a link="impl-aarch64.HaveSME2.0" file="shared_pseudocode.xml" hover="function: boolean HaveSME2()">HaveSME2</a>() then UNDEFINED;
if sz == '1' &amp;&amp; !<a link="impl-aarch64.HaveSMEI16I64.0" file="shared_pseudocode.xml" hover="function: boolean HaveSMEI16I64()">HaveSMEI16I64</a>() then UNDEFINED;
integer v = <a link="impl-shared.UInt.1" file="shared_pseudocode.xml" hover="function: integer UInt(bits(N) x)">UInt</a>('010':Rv);
constant integer esize = 32 &lt;&lt; <a link="impl-shared.UInt.1" file="shared_pseudocode.xml" hover="function: integer UInt(bits(N) x)">UInt</a>(sz);
integer n = <a link="impl-shared.UInt.1" file="shared_pseudocode.xml" hover="function: integer UInt(bits(N) x)">UInt</a>(Zn:'0');
integer m = <a link="impl-shared.UInt.1" file="shared_pseudocode.xml" hover="function: integer UInt(bits(N) x)">UInt</a>(Zm:'0');
integer offset = <a link="impl-shared.UInt.1" file="shared_pseudocode.xml" hover="function: integer UInt(bits(N) x)">UInt</a>(off3);
constant integer nreg = 2;</pstext>
        </ps>
      </ps_section>
    </iclass>
    <iclass name="Four ZA single-vectors" oneof="2" id="iclass_sme_vgx4_single" no_encodings="1" isa="A64">
      <docvars>
        <docvar key="instr-class" value="mortlach2" />
        <docvar key="isa" value="A64" />
        <docvar key="mnemonic" value="ADD" />
        <docvar key="sme-multireg" value="sme-vgx4-single" />
      </docvars>
      <iclassintro count="1"></iclassintro>
      <arch_variants>
        <arch_variant name="FEAT_SME2" feature="FEAT_SME2" />
      </arch_variants>
      <regdiagram form="32" psname="ADD-ZA.ZZW-4x4" tworows="1">
        <box hibit="31" width="9" settings="9">
          <c>1</c>
          <c>1</c>
          <c>0</c>
          <c>0</c>
          <c>0</c>
          <c>0</c>
          <c>0</c>
          <c>1</c>
          <c>1</c>
        </box>
        <box hibit="22" name="sz" usename="1">
          <c></c>
        </box>
        <box hibit="21" settings="1">
          <c>1</c>
        </box>
        <box hibit="20" width="3" name="Zm" usename="1">
          <c colspan="3"></c>
        </box>
        <box hibit="17" width="3" settings="3">
          <c>0</c>
          <c>1</c>
          <c>0</c>
        </box>
        <box hibit="14" width="2" name="Rv" usename="1">
          <c colspan="2"></c>
        </box>
        <box hibit="12" width="3" settings="3">
          <c>1</c>
          <c>1</c>
          <c>0</c>
        </box>
        <box hibit="9" width="3" name="Zn" usename="1">
          <c colspan="3"></c>
        </box>
        <box hibit="6" width="3" settings="3">
          <c>0</c>
          <c>0</c>
          <c>1</c>
        </box>
        <box hibit="3" name="S" usename="1" settings="1">
          <c>0</c>
        </box>
        <box hibit="2" width="3" name="off3" usename="1">
          <c colspan="3"></c>
        </box>
      </regdiagram>
      <encoding name="add_za_zzw_4x4" oneofinclass="1" oneof="2" label="">
        <docvars>
          <docvar key="instr-class" value="mortlach2" />
          <docvar key="isa" value="A64" />
          <docvar key="mnemonic" value="ADD" />
          <docvar key="sme-multireg" value="sme-vgx4-single" />
        </docvars>
        <asmtemplate><text>ADD     ZA.</text><a link="sa_t" hover="Size specifier (field &quot;sz&quot;) [D,S]">&lt;T&gt;</a><text>[</text><a link="sa_wv" hover="32-bit vector select register W8-W11 (field &quot;Rv&quot;)">&lt;Wv&gt;</a><text>, </text><a link="sa_offs" hover="Vector select offset [0-7] (field &quot;off3&quot;)">&lt;offs&gt;</a><a>{, VGx4}</a><text>], </text><text>{</text><text> </text><a link="sa_zn1_1" hover="First scalable vector register of first source multi-vector group (field Zn)">&lt;Zn1&gt;</a><text>.</text><a link="sa_t" hover="Size specifier (field &quot;sz&quot;) [D,S]">&lt;T&gt;</a><text>-</text><a link="sa_zn4" hover="Fourth scalable vector register of first source multi-vector group (field Zn)">&lt;Zn4&gt;</a><text>.</text><a link="sa_t" hover="Size specifier (field &quot;sz&quot;) [D,S]">&lt;T&gt;</a><text> </text><text>}</text><text>, </text><text>{</text><text> </text><a link="sa_zm1_1" hover="First scalable vector register of second source multi-vector group (field Zm)">&lt;Zm1&gt;</a><text>.</text><a link="sa_t" hover="Size specifier (field &quot;sz&quot;) [D,S]">&lt;T&gt;</a><text>-</text><a link="sa_zm4" hover="Fourth scalable vector register of second source multi-vector group (field Zm)">&lt;Zm4&gt;</a><text>.</text><a link="sa_t" hover="Size specifier (field &quot;sz&quot;) [D,S]">&lt;T&gt;</a><text> </text><text>}</text></asmtemplate>
      </encoding>
      <ps_section howmany="1">
        <ps name="ADD-ZA.ZZW-4x4" mylink="ADD-ZA.ZZW-4x4" enclabels="" sections="1" secttype="noheading">
          <pstext mayhavelinks="1" section="Decode" rep_section="decode">if !<a link="impl-aarch64.HaveSME2.0" file="shared_pseudocode.xml" hover="function: boolean HaveSME2()">HaveSME2</a>() then UNDEFINED;
if sz == '1' &amp;&amp; !<a link="impl-aarch64.HaveSMEI16I64.0" file="shared_pseudocode.xml" hover="function: boolean HaveSMEI16I64()">HaveSMEI16I64</a>() then UNDEFINED;
integer v = <a link="impl-shared.UInt.1" file="shared_pseudocode.xml" hover="function: integer UInt(bits(N) x)">UInt</a>('010':Rv);
constant integer esize = 32 &lt;&lt; <a link="impl-shared.UInt.1" file="shared_pseudocode.xml" hover="function: integer UInt(bits(N) x)">UInt</a>(sz);
integer n = <a link="impl-shared.UInt.1" file="shared_pseudocode.xml" hover="function: integer UInt(bits(N) x)">UInt</a>(Zn:'00');
integer m = <a link="impl-shared.UInt.1" file="shared_pseudocode.xml" hover="function: integer UInt(bits(N) x)">UInt</a>(Zm:'00');
integer offset = <a link="impl-shared.UInt.1" file="shared_pseudocode.xml" hover="function: integer UInt(bits(N) x)">UInt</a>(off3);
constant integer nreg = 4;</pstext>
        </ps>
      </ps_section>
    </iclass>
  </classes>
  <explanations scope="all">
    <explanation enclist="add_za_zzw_2x2, add_za_zzw_4x4" symboldefcount="1">
      <symbol link="sa_t">&lt;T&gt;</symbol>
      <definition encodedin="sz">
        <intro>Is the size specifier, </intro>
        <table class="valuetable">
          <tgroup cols="2">
            <thead>
              <row>
                <entry class="bitfield">sz</entry>
                <entry class="symbol">&lt;T&gt;</entry>
              </row>
            </thead>
            <tbody>
              <row>
                <entry class="bitfield">0</entry>
                <entry class="symbol">S</entry>
              </row>
              <row>
                <entry class="bitfield">1</entry>
                <entry class="symbol">D</entry>
              </row>
            </tbody>
          </tgroup>
        </table>
      </definition>
    </explanation>
    <explanation enclist="add_za_zzw_2x2, add_za_zzw_4x4" symboldefcount="1">
      <symbol link="sa_wv">&lt;Wv&gt;</symbol>
      <account encodedin="Rv">
        <intro>
          <para>Is the 32-bit name of the vector select register W8-W11, encoded in the "Rv" field.</para>
        </intro>
      </account>
    </explanation>
    <explanation enclist="add_za_zzw_2x2, add_za_zzw_4x4" symboldefcount="1">
      <symbol link="sa_offs">&lt;offs&gt;</symbol>
      <account encodedin="off3">
        <intro>
          <para>Is the vector select offset, in the range 0 to 7, encoded in the "off3" field.</para>
        </intro>
      </account>
    </explanation>
    <explanation enclist="add_za_zzw_2x2" symboldefcount="1">
      <symbol link="sa_zn1">&lt;Zn1&gt;</symbol>
      <account encodedin="Zn">
        <docvars>
          <docvar key="sme-multireg" value="sme-vgx2-single" />
        </docvars>
        <intro>
          <para>For the two ZA single-vectors variant: is the name of the first scalable vector register of the first source multi-vector group, encoded as "Zn" times 2.</para>
        </intro>
      </account>
    </explanation>
    <explanation enclist="add_za_zzw_4x4" symboldefcount="2">
      <symbol link="sa_zn1_1">&lt;Zn1&gt;</symbol>
      <account encodedin="Zn">
        <docvars>
          <docvar key="sme-multireg" value="sme-vgx4-single" />
        </docvars>
        <intro>
          <para>For the four ZA single-vectors variant: is the name of the first scalable vector register of the first source multi-vector group, encoded as "Zn" times 4.</para>
        </intro>
      </account>
    </explanation>
    <explanation enclist="add_za_zzw_4x4" symboldefcount="1">
      <symbol link="sa_zn4">&lt;Zn4&gt;</symbol>
      <account encodedin="Zn">
        <intro>
          <para>Is the name of the fourth scalable vector register of the first source multi-vector group, encoded as "Zn" times 4 plus 3.</para>
        </intro>
      </account>
    </explanation>
    <explanation enclist="add_za_zzw_2x2" symboldefcount="1">
      <symbol link="sa_zn2">&lt;Zn2&gt;</symbol>
      <account encodedin="Zn">
        <intro>
          <para>Is the name of the second scalable vector register of the first source multi-vector group, encoded as "Zn" times 2 plus 1.</para>
        </intro>
      </account>
    </explanation>
    <explanation enclist="add_za_zzw_2x2" symboldefcount="1">
      <symbol link="sa_zm1">&lt;Zm1&gt;</symbol>
      <account encodedin="Zm">
        <docvars>
          <docvar key="sme-multireg" value="sme-vgx2-single" />
        </docvars>
        <intro>
          <para>For the two ZA single-vectors variant: is the name of the first scalable vector register of the second source multi-vector group, encoded as "Zm" times 2.</para>
        </intro>
      </account>
    </explanation>
    <explanation enclist="add_za_zzw_4x4" symboldefcount="2">
      <symbol link="sa_zm1_1">&lt;Zm1&gt;</symbol>
      <account encodedin="Zm">
        <docvars>
          <docvar key="sme-multireg" value="sme-vgx4-single" />
        </docvars>
        <intro>
          <para>For the four ZA single-vectors variant: is the name of the first scalable vector register of the second source multi-vector group, encoded as "Zm" times 4.</para>
        </intro>
      </account>
    </explanation>
    <explanation enclist="add_za_zzw_4x4" symboldefcount="1">
      <symbol link="sa_zm4">&lt;Zm4&gt;</symbol>
      <account encodedin="Zm">
        <intro>
          <para>Is the name of the fourth scalable vector register of the second source multi-vector group, encoded as "Zm" times 4 plus 3.</para>
        </intro>
      </account>
    </explanation>
    <explanation enclist="add_za_zzw_2x2" symboldefcount="1">
      <symbol link="sa_zm2">&lt;Zm2&gt;</symbol>
      <account encodedin="Zm">
        <intro>
          <para>Is the name of the second scalable vector register of the second source multi-vector group, encoded as "Zm" times 2 plus 1.</para>
        </intro>
      </account>
    </explanation>
  </explanations>
  <ps_section howmany="1">
    <ps name="ADD-ZA.ZZW-2x2" mylink="execute" enclabels="" sections="1" secttype="Operation">
      <pstext mayhavelinks="1" section="Execute" rep_section="execute"><a link="impl-aarch64.CheckStreamingSVEAndZAEnabled.0" file="shared_pseudocode.xml" hover="function: CheckStreamingSVEAndZAEnabled()">CheckStreamingSVEAndZAEnabled</a>();
constant integer VL = <a link="impl-aarch64.CurrentVL.read.none" file="shared_pseudocode.xml" hover="accessor: integer CurrentVL">CurrentVL</a>;
constant integer elements = VL DIV esize;
integer vectors = VL DIV 8;
integer vstride = vectors DIV nreg;
bits(32) vbase = <a link="impl-aarch64.X.read.2" file="shared_pseudocode.xml" hover="accessor: bits(width) X[integer n, integer width]">X</a>[v, 32];
integer vec = (<a link="impl-shared.UInt.1" file="shared_pseudocode.xml" hover="function: integer UInt(bits(N) x)">UInt</a>(vbase) + offset) MOD vstride;
bits(VL) result;

for r = 0 to nreg-1
    bits(VL) operand1 = <a link="impl-aarch64.Z.read.2" file="shared_pseudocode.xml" hover="accessor: bits(width) Z[integer n, integer width]">Z</a>[n+r, VL];
    bits(VL) operand2 = <a link="impl-aarch64.Z.read.2" file="shared_pseudocode.xml" hover="accessor: bits(width) Z[integer n, integer width]">Z</a>[m+r, VL];
    for e = 0 to elements-1
        bits(esize) element1 = <a link="impl-shared.Elem.read.3" file="shared_pseudocode.xml" hover="accessor: bits(size) Elem[bits(N) vector, integer e, integer size]">Elem</a>[operand1, e, esize];
        bits(esize) element2 = <a link="impl-shared.Elem.read.3" file="shared_pseudocode.xml" hover="accessor: bits(size) Elem[bits(N) vector, integer e, integer size]">Elem</a>[operand2, e, esize];
        <a link="impl-shared.Elem.write.3" file="shared_pseudocode.xml" hover="accessor: Elem[bits(N) &amp;vector, integer e, integer size] = bits(size) value">Elem</a>[result, e, esize] = element1 + element2;
    <a link="impl-aarch64.ZAvector.write.2" file="shared_pseudocode.xml" hover="accessor: ZAvector[integer index, integer width] = bits(width) value">ZAvector</a>[vec, VL] = result;
    vec = vec + vstride;</pstext>
    </ps>
  </ps_section>
</instructionsection>
