<?xml version="1.0" encoding="utf-8"?>
<?xml-stylesheet type="text/xsl" encoding="UTF-8" href="iform.xsl" version="1.0"?>
<!DOCTYPE instructionsection PUBLIC "-//ARM//DTD instructionsection //EN" "iform-p.dtd">
<!-- Copyright (c) 2010-2023 Arm Limited or its affiliates. All rights reserved. -->
<!-- This document is Non-Confidential. This document may only be used and distributed in accordance with the terms of the agreement entered into by Arm and the party that Arm delivered this document to. -->

<instructionsection id="ADDHN_advsimd" title="ADDHN, ADDHN2 -- A64" type="instruction">
  <docvars>
    <docvar key="advsimd-reguse" value="3reg-diff"/>
    <docvar key="advsimd-type" value="simd"/>
    <docvar key="instr-class" value="advsimd"/>
    <docvar key="isa" value="A64"/>
    <docvar key="mnemonic" value="ADDHN"/>
  </docvars>
  <heading>ADDHN, ADDHN2</heading>
  <desc>
    <brief>
      <para>Add returning High Narrow</para>
    </brief>
    <authored>
      <para>Add returning High Narrow.
This instruction adds each vector element in the first source SIMD&amp;FP
register to the corresponding vector element in the second source SIMD&amp;FP
register, places the most significant half of the result into a vector, and writes
the vector to the lower or upper half of the destination SIMD&amp;FP
register.</para>
      <para>The results are truncated. For rounded results, see
<xref linkend="ARMARM_A64.instructions.RADDHN_advsimd">RADDHN</xref>.</para>
      <para>The <instruction>ADDHN</instruction> instruction writes the vector
to the lower half of the
destination register and clears the upper half,
while the <instruction>ADDHN2</instruction> instruction writes the vector
to the upper half of the
destination register without affecting the other bits of the register.</para>
      <para>Depending on the settings in the <register_link id="AArch64-cpacr_el1.xml" state="AArch64">CPACR_EL1</register_link>,
<register_link id="AArch64-cptr_el2.xml" state="AArch64">CPTR_EL2</register_link>, and <register_link id="AArch64-cptr_el3.xml" state="AArch64">CPTR_EL3</register_link> registers,
and the current Security state and Exception level,
an attempt to execute the instruction might be trapped.</para>
    </authored>
  </desc>
  <operationalnotes>
    <para>If PSTATE.DIT is 1:</para>
    <list type="unordered">
      <listitem>
        <content>The execution time of this instruction is independent of:<list type="unordered">
            <listitem>
              <content>The values of the data supplied in any of its registers.</content>
            </listitem>
            <listitem>
              <content>The values of the NZCV flags.</content>
            </listitem>
          </list>
        </content>
      </listitem>
      <listitem>
        <content>The response of this instruction to asynchronous exceptions does not vary based on:<list type="unordered">
            <listitem>
              <content>The values of the data supplied in any of its registers.</content>
            </listitem>
            <listitem>
              <content>The values of the NZCV flags.</content>
            </listitem>
          </list>
        </content>
      </listitem>
    </list>
  </operationalnotes>
  <alias_list howmany="0"/>
  <classes>
    <iclass name="Three registers, not all the same type" oneof="1" id="iclass_three_registers_not_all_the_same_type" no_encodings="1" isa="A64">
      <docvars>
        <docvar key="advsimd-reguse" value="3reg-diff"/>
        <docvar key="advsimd-type" value="simd"/>
        <docvar key="instr-class" value="advsimd"/>
        <docvar key="isa" value="A64"/>
        <docvar key="mnemonic" value="ADDHN"/>
      </docvars>
      <iclassintro count="1"/>
      <regdiagram form="32" psname="A64.simd_dp.asimddiff.ADDHN_asimddiff_N" tworows="1">
        <box hibit="31" width="1" settings="1">
          <c>0</c>
        </box>
        <box hibit="30" width="1" name="Q" usename="1">
          <c colspan="1"/>
        </box>
        <box hibit="29" name="U" usename="1" settings="1" psbits="x">
          <c>0</c>
        </box>
        <box hibit="28" width="5" settings="5">
          <c>0</c>
          <c>1</c>
          <c>1</c>
          <c>1</c>
          <c>0</c>
        </box>
        <box hibit="23" width="2" name="size" usename="1">
          <c colspan="2"/>
        </box>
        <box hibit="21" width="1" settings="1">
          <c>1</c>
        </box>
        <box hibit="20" width="5" name="Rm" usename="1">
          <c colspan="5"/>
        </box>
        <box hibit="15" width="2" settings="2">
          <c>0</c>
          <c>1</c>
        </box>
        <box hibit="13" name="o1" usename="1" settings="1" psbits="x">
          <c>0</c>
        </box>
        <box hibit="12" width="3" settings="3">
          <c>0</c>
          <c>0</c>
          <c>0</c>
        </box>
        <box hibit="9" width="5" name="Rn" usename="1">
          <c colspan="5"/>
        </box>
        <box hibit="4" width="5" name="Rd" usename="1">
          <c colspan="5"/>
        </box>
      </regdiagram>
      <encoding name="ADDHN_asimddiff_N" oneofinclass="1" oneof="1" label="">
        <docvars>
          <docvar key="isa" value="A64"/>
          <docvar key="mnemonic" value="ADDHN"/>
          <docvar key="advsimd-reguse" value="3reg-diff"/>
          <docvar key="advsimd-type" value="simd"/>
          <docvar key="instr-class" value="advsimd"/>
        </docvars>
        <asmtemplate><text>ADDHN{</text><a hover="Is the second and upper half specifier. If present it causes the operation to be performed on the upper 64 bits of the registers holding the narrower elements, and is " link="s_2_option">2</a><text>}  </text><a hover="Is the name of the SIMD&amp;amp;FP destination register, encoded in the &quot;Rd&quot; field." link="Vd">&lt;Vd&gt;</a><text>.</text><a hover="Is an arrangement specifier, " link="Tb_option__3">&lt;Tb&gt;</a><text>, </text><a hover="Is the name of the first SIMD&amp;amp;FP source register, encoded in the &quot;Rn&quot; field." link="Vn__2">&lt;Vn&gt;</a><text>.</text><a hover="Is an arrangement specifier, " link="Ta_option__3">&lt;Ta&gt;</a><text>, </text><a hover="Is the name of the second SIMD&amp;amp;FP source register, encoded in the &quot;Rm&quot; field." link="Vm">&lt;Vm&gt;</a><text>.</text><a hover="Is an arrangement specifier, " link="Ta_option__3">&lt;Ta&gt;</a></asmtemplate>
      </encoding>
      <ps_section howmany="1">
        <ps name="A64.simd_dp.asimddiff.ADDHN_asimddiff_N" sections="1" secttype="noheading">
          <pstext mayhavelinks="1" section="Decode" rep_section="decode">integer d = <a link="impl-shared.UInt.1" file="shared_pseudocode.xml" hover="function: integer UInt(bits(N) x)">UInt</a>(Rd);
integer n = <a link="impl-shared.UInt.1" file="shared_pseudocode.xml" hover="function: integer UInt(bits(N) x)">UInt</a>(Rn);
integer m = <a link="impl-shared.UInt.1" file="shared_pseudocode.xml" hover="function: integer UInt(bits(N) x)">UInt</a>(Rm);

if size == '11' then UNDEFINED;
constant integer esize = 8 &lt;&lt; <a link="impl-shared.UInt.1" file="shared_pseudocode.xml" hover="function: integer UInt(bits(N) x)">UInt</a>(size);
constant integer datasize = 64;
integer part = <a link="impl-shared.UInt.1" file="shared_pseudocode.xml" hover="function: integer UInt(bits(N) x)">UInt</a>(Q);
integer elements = datasize DIV esize;

boolean sub_op = (o1 == '1');
boolean round = (U == '1');</pstext>
        </ps>
      </ps_section>
    </iclass>
  </classes>
  <explanations scope="all">
    <explanation enclist="ADDHN_asimddiff_N" symboldefcount="1">
      <symbol link="s_2_option">2</symbol>
      <definition encodedin="Q">
        <intro>Is the second and upper half specifier. If present it causes the operation to be performed on the upper 64 bits of the registers holding the narrower elements, and is </intro>
        <table class="valuetable">
          <tgroup cols="2">
            <thead>
              <row>
                <entry class="bitfield">Q</entry>
                <entry class="symbol">2</entry>
              </row>
            </thead>
            <tbody>
              <row>
                <entry class="bitfield">0</entry>
                <entry class="symbol">[absent]</entry>
              </row>
              <row>
                <entry class="bitfield">1</entry>
                <entry class="symbol">[present]</entry>
              </row>
            </tbody>
          </tgroup>
        </table>
      </definition>
    </explanation>
    <explanation enclist="ADDHN_asimddiff_N" symboldefcount="1">
      <symbol link="Vd">&lt;Vd&gt;</symbol>
      <account encodedin="Rd">
        <intro>
          <para>Is the name of the SIMD&amp;FP destination register, encoded in the "Rd" field.</para>
        </intro>
      </account>
    </explanation>
    <explanation enclist="ADDHN_asimddiff_N" symboldefcount="1">
      <symbol link="Tb_option__3">&lt;Tb&gt;</symbol>
      <definition encodedin="size:Q">
        <intro>Is an arrangement specifier, </intro>
        <table class="valuetable">
          <tgroup cols="3">
            <thead>
              <row>
                <entry class="bitfield">size</entry>
                <entry class="bitfield">Q</entry>
                <entry class="symbol">&lt;Tb&gt;</entry>
              </row>
            </thead>
            <tbody>
              <row>
                <entry class="bitfield">00</entry>
                <entry class="bitfield">0</entry>
                <entry class="symbol">8B</entry>
              </row>
              <row>
                <entry class="bitfield">00</entry>
                <entry class="bitfield">1</entry>
                <entry class="symbol">16B</entry>
              </row>
              <row>
                <entry class="bitfield">01</entry>
                <entry class="bitfield">0</entry>
                <entry class="symbol">4H</entry>
              </row>
              <row>
                <entry class="bitfield">01</entry>
                <entry class="bitfield">1</entry>
                <entry class="symbol">8H</entry>
              </row>
              <row>
                <entry class="bitfield">10</entry>
                <entry class="bitfield">0</entry>
                <entry class="symbol">2S</entry>
              </row>
              <row>
                <entry class="bitfield">10</entry>
                <entry class="bitfield">1</entry>
                <entry class="symbol">4S</entry>
              </row>
              <row>
                <entry class="bitfield">11</entry>
                <entry class="bitfield">x</entry>
                <entry class="symbol">RESERVED</entry>
              </row>
            </tbody>
          </tgroup>
        </table>
      </definition>
    </explanation>
    <explanation enclist="ADDHN_asimddiff_N" symboldefcount="1">
      <symbol link="Vn__2">&lt;Vn&gt;</symbol>
      <account encodedin="Rn">
        <intro>
          <para>Is the name of the first SIMD&amp;FP source register, encoded in the "Rn" field.</para>
        </intro>
      </account>
    </explanation>
    <explanation enclist="ADDHN_asimddiff_N" symboldefcount="1">
      <symbol link="Ta_option__3">&lt;Ta&gt;</symbol>
      <definition encodedin="size">
        <intro>Is an arrangement specifier, </intro>
        <table class="valuetable">
          <tgroup cols="2">
            <thead>
              <row>
                <entry class="bitfield">size</entry>
                <entry class="symbol">&lt;Ta&gt;</entry>
              </row>
            </thead>
            <tbody>
              <row>
                <entry class="bitfield">00</entry>
                <entry class="symbol">8H</entry>
              </row>
              <row>
                <entry class="bitfield">01</entry>
                <entry class="symbol">4S</entry>
              </row>
              <row>
                <entry class="bitfield">10</entry>
                <entry class="symbol">2D</entry>
              </row>
              <row>
                <entry class="bitfield">11</entry>
                <entry class="symbol">RESERVED</entry>
              </row>
            </tbody>
          </tgroup>
        </table>
      </definition>
    </explanation>
    <explanation enclist="ADDHN_asimddiff_N" symboldefcount="1">
      <symbol link="Vm">&lt;Vm&gt;</symbol>
      <account encodedin="Rm">
        <intro>
          <para>Is the name of the second SIMD&amp;FP source register, encoded in the "Rm" field.</para>
        </intro>
      </account>
    </explanation>
  </explanations>
  <ps_section howmany="1">
    <ps name="A64.simd_dp.asimddiff.ADDHN_asimddiff_N" sections="1" secttype="Operation">
      <pstext mayhavelinks="1" section="Execute" rep_section="execute"><a link="impl-aarch64.CheckFPAdvSIMDEnabled64.0" file="shared_pseudocode.xml" hover="function: CheckFPAdvSIMDEnabled64()">CheckFPAdvSIMDEnabled64</a>();
bits(2*datasize) operand1 = <a link="impl-aarch64.V.read.2" file="shared_pseudocode.xml" hover="accessor: bits(width) V[integer n, integer width]">V</a>[n, 2*datasize];
bits(2*datasize) operand2 = <a link="impl-aarch64.V.read.2" file="shared_pseudocode.xml" hover="accessor: bits(width) V[integer n, integer width]">V</a>[m, 2*datasize];
bits(datasize) result;
integer element1;
integer element2;
integer sum;

for e = 0 to elements-1
    element1 = UInt(<a link="impl-shared.Elem.read.3" file="shared_pseudocode.xml" hover="accessor: bits(size) Elem[bits(N) vector, integer e, integer size]">Elem</a>[operand1, e, 2*esize]);
    element2 = UInt(<a link="impl-shared.Elem.read.3" file="shared_pseudocode.xml" hover="accessor: bits(size) Elem[bits(N) vector, integer e, integer size]">Elem</a>[operand2, e, 2*esize]);
    if sub_op then
        sum = element1 - element2;
    else
        sum = element1 + element2;
    sum = <a link="impl-shared.RShr.3" file="shared_pseudocode.xml" hover="function: integer RShr(integer value, integer shift, boolean round)">RShr</a>(sum, esize, round);
    <a link="impl-shared.Elem.write.3" file="shared_pseudocode.xml" hover="accessor: Elem[bits(N) &amp;vector, integer e, integer size] = bits(size) value">Elem</a>[result, e, esize] = sum&lt;esize-1:0&gt;;

<a link="impl-aarch64.Vpart.write.3" file="shared_pseudocode.xml" hover="accessor: Vpart[integer n, integer part, integer width] = bits(width) value">Vpart</a>[d, part, datasize] = result;</pstext>
    </ps>
  </ps_section>
</instructionsection>

