<?xml version="1.0" encoding="utf-8"?>
<?xml-stylesheet type="text/xsl" encoding="UTF-8" href="iform.xsl" version="1.0"?>
<!DOCTYPE instructionsection PUBLIC "-//ARM//DTD instructionsection //EN" "iform-p.dtd">
<!-- Copyright (c) 2010-2023 Arm Limited or its affiliates. All rights reserved. -->
<!-- This document is Non-Confidential. This document may only be used and distributed in accordance with the terms of the agreement entered into by Arm and the party that Arm delivered this document to. -->

<instructionsection id="AESIMC_advsimd" title="AESIMC -- A64" type="instruction">
  <docvars>
    <docvar key="instr-class" value="advsimd"/>
    <docvar key="isa" value="A64"/>
    <docvar key="mnemonic" value="AESIMC"/>
  </docvars>
  <heading>AESIMC</heading>
  <desc>
    <brief>
      <para>AES inverse mix columns</para>
    </brief>
    <authored>
      <para>AES inverse mix columns.</para>
    </authored>
  </desc>
  <operationalnotes>
    <para>If PSTATE.DIT is 1:</para>
    <list type="unordered">
      <listitem>
        <content>The execution time of this instruction is independent of:<list type="unordered">
            <listitem>
              <content>The values of the data supplied in any of its registers.</content>
            </listitem>
            <listitem>
              <content>The values of the NZCV flags.</content>
            </listitem>
          </list>
        </content>
      </listitem>
      <listitem>
        <content>The response of this instruction to asynchronous exceptions does not vary based on:<list type="unordered">
            <listitem>
              <content>The values of the data supplied in any of its registers.</content>
            </listitem>
            <listitem>
              <content>The values of the NZCV flags.</content>
            </listitem>
          </list>
        </content>
      </listitem>
    </list>
  </operationalnotes>
  <alias_list howmany="0"/>
  <classes>
    <iclass name="Advanced SIMD" oneof="1" id="iclass_advanced_simd" no_encodings="1" isa="A64">
      <docvars>
        <docvar key="instr-class" value="advsimd"/>
        <docvar key="isa" value="A64"/>
        <docvar key="mnemonic" value="AESIMC"/>
      </docvars>
      <iclassintro count="1"/>
      <arch_variants>
        <arch_variant feature="FEAT_AES" name="ARMv8.0"/>
      </arch_variants>
      <regdiagram form="32" psname="A64.simd_dp.cryptoaes.AESIMC_B_cryptoaes" tworows="1">
        <box hibit="31" width="8" settings="8">
          <c>0</c>
          <c>1</c>
          <c>0</c>
          <c>0</c>
          <c>1</c>
          <c>1</c>
          <c>1</c>
          <c>0</c>
        </box>
        <box hibit="23" width="2" name="size" usename="1" settings="2" psbits="xx">
          <c>0</c>
          <c>0</c>
        </box>
        <box hibit="21" width="9" settings="9">
          <c>1</c>
          <c>0</c>
          <c>1</c>
          <c>0</c>
          <c>0</c>
          <c>0</c>
          <c>0</c>
          <c>1</c>
          <c>1</c>
        </box>
        <box hibit="12" name="D" usename="1" settings="1" psbits="x">
          <c>1</c>
        </box>
        <box hibit="11" width="2" settings="2">
          <c>1</c>
          <c>0</c>
        </box>
        <box hibit="9" width="5" name="Rn" usename="1">
          <c colspan="5"/>
        </box>
        <box hibit="4" width="5" name="Rd" usename="1">
          <c colspan="5"/>
        </box>
      </regdiagram>
      <encoding name="AESIMC_B_cryptoaes" oneofinclass="1" oneof="1" label="">
        <docvars>
          <docvar key="isa" value="A64"/>
          <docvar key="mnemonic" value="AESIMC"/>
          <docvar key="instr-class" value="advsimd"/>
        </docvars>
        <asmtemplate><text>AESIMC  </text><a hover="Is the name of the SIMD&amp;amp;FP destination register, encoded in the &quot;Rd&quot; field." link="Vd">&lt;Vd&gt;</a><text>.16B, </text><a hover="Is the name of the SIMD&amp;amp;FP source register, encoded in the &quot;Rn&quot; field." link="Vn">&lt;Vn&gt;</a><text>.16B</text></asmtemplate>
      </encoding>
      <ps_section howmany="1">
        <ps name="A64.simd_dp.cryptoaes.AESIMC_B_cryptoaes" sections="1" secttype="noheading">
          <pstext mayhavelinks="1" section="Decode" rep_section="decode">integer d = <a link="impl-shared.UInt.1" file="shared_pseudocode.xml" hover="function: integer UInt(bits(N) x)">UInt</a>(Rd);
integer n = <a link="impl-shared.UInt.1" file="shared_pseudocode.xml" hover="function: integer UInt(bits(N) x)">UInt</a>(Rn);
if !IsFeatureImplemented(FEAT_AES) then UNDEFINED;</pstext>
        </ps>
      </ps_section>
    </iclass>
  </classes>
  <explanations scope="all">
    <explanation enclist="AESIMC_B_cryptoaes" symboldefcount="1">
      <symbol link="Vd">&lt;Vd&gt;</symbol>
      <account encodedin="Rd">
        <intro>
          <para>Is the name of the SIMD&amp;FP destination register, encoded in the "Rd" field.</para>
        </intro>
      </account>
    </explanation>
    <explanation enclist="AESIMC_B_cryptoaes" symboldefcount="1">
      <symbol link="Vn">&lt;Vn&gt;</symbol>
      <account encodedin="Rn">
        <intro>
          <para>Is the name of the SIMD&amp;FP source register, encoded in the "Rn" field.</para>
        </intro>
      </account>
    </explanation>
  </explanations>
  <ps_section howmany="1">
    <ps name="A64.simd_dp.cryptoaes.AESIMC_B_cryptoaes" sections="1" secttype="Operation">
      <pstext mayhavelinks="1" section="Execute" rep_section="execute"><a link="AArch64.CheckFPAdvSIMDEnabled.0" file="shared_pseudocode.xml" hover="function: AArch64.CheckFPAdvSIMDEnabled()">AArch64.CheckFPAdvSIMDEnabled</a>();

bits(128) operand = <a link="impl-aarch64.V.read.2" file="shared_pseudocode.xml" hover="accessor: bits(width) V[integer n, integer width]">V</a>[n, 128];
bits(128) result;
result = <a link="impl-shared.AESInvMixColumns.1" file="shared_pseudocode.xml" hover="function: bits(128) AESInvMixColumns(bits (128) op)">AESInvMixColumns</a>(operand);
<a link="impl-aarch64.V.write.2" file="shared_pseudocode.xml" hover="accessor: V[integer n, integer width] = bits(width) value">V</a>[d, 128] = result;</pstext>
    </ps>
  </ps_section>
</instructionsection>

