<?xml version="1.0" encoding="utf-8"?>
<?xml-stylesheet type="text/xsl" encoding="UTF-8" href="iform.xsl" version="1.0"?>
<!DOCTYPE instructionsection PUBLIC "-//ARM//DTD instructionsection //EN" "iform-p.dtd">
<!-- Copyright (c) 2010-2023 Arm Limited or its affiliates. All rights reserved. -->
<!-- This document is Non-Confidential. This document may only be used and distributed in accordance with the terms of the agreement entered into by Arm and the party that Arm delivered this document to. -->

<instructionsection id="AUTIASPPC_imm" title="AUTIASPPC (immediate) -- A64" type="instruction">
  <docvars>
    <docvar key="instr-class" value="general"/>
    <docvar key="isa" value="A64"/>
    <docvar key="mnemonic" value="AUTIASPPC"/>
  </docvars>
  <heading>AUTIASPPC (immediate)</heading>
  <desc>
    <brief>
      <para>Authenticate return address, using key A (immediate)</para>
    </brief>
    <authored>
      <para>Authenticate return address, using key A (immediate).
This instruction authenticates an instruction address, using two modifiers and key A.</para>
      <para>If the authentication passes, the upper bits of the address are
restored to enable subsequent use of the address.
For information on behavior if the authentication fails, see
<xref linkend="ARMARM_MDSec.Faulting_on_pointer_authentication">Faulting on pointer authentication</xref>.</para>
      <para>The address is in X30.</para>
      <para>The first modifier is in SP.</para>
      <para>The second modifier is the address of a program label.</para>
    </authored>
  </desc>
  <alias_list howmany="0"/>
  <classes>
    <iclass name="Integer" oneof="1" id="iclass_integer" no_encodings="1" isa="A64">
      <docvars>
        <docvar key="instr-class" value="general"/>
        <docvar key="isa" value="A64"/>
        <docvar key="mnemonic" value="AUTIASPPC"/>
      </docvars>
      <iclassintro count="1"/>
      <arch_variants>
        <arch_variant feature="FEAT_PAuth_LR" name="ARMv9.5"/>
      </arch_variants>
      <regdiagram form="32" psname="A64.dpimm.dp_1src_imm.AUTIASPPC_only_dp_1src_imm" tworows="1">
        <box hibit="31" name="sf" usename="1" settings="1" psbits="x">
          <c>1</c>
        </box>
        <box hibit="30" width="8" settings="8">
          <c>1</c>
          <c>1</c>
          <c>1</c>
          <c>0</c>
          <c>0</c>
          <c>1</c>
          <c>1</c>
          <c>1</c>
        </box>
        <box hibit="22" width="2" name="opc" usename="1" settings="2" psbits="xx">
          <c>0</c>
          <c>0</c>
        </box>
        <box hibit="20" width="16" name="imm16" usename="1">
          <c colspan="16"/>
        </box>
        <box hibit="4" width="5" name="Rd" usename="1" settings="5" psbits="xxxxx">
          <c>1</c>
          <c>1</c>
          <c>1</c>
          <c>1</c>
          <c>1</c>
        </box>
      </regdiagram>
      <encoding name="AUTIASPPC_only_dp_1src_imm" oneofinclass="1" oneof="1" label="">
        <docvars>
          <docvar key="isa" value="A64"/>
          <docvar key="mnemonic" value="AUTIASPPC"/>
          <docvar key="instr-class" value="general"/>
        </docvars>
        <asmtemplate><text>AUTIASPPC  </text><a hover="Is the program label whose address is to be calculated. Its negative offset from the address of this instruction, a multiple of 4 in the range -262140 to 0, is encoded as an unsigned value in the &quot;imm16&quot; field as &amp;lt;label&amp;gt;/4." link="imm16_offset">&lt;label&gt;</a></asmtemplate>
      </encoding>
      <ps_section howmany="1">
        <ps name="A64.dpimm.dp_1src_imm.AUTIASPPC_only_dp_1src_imm" sections="1" secttype="noheading">
          <pstext mayhavelinks="1" section="Decode" rep_section="decode">if !IsFeatureImplemented(FEAT_PAuth_LR) then
    UNDEFINED;

bits(64) offset = <a link="impl-shared.ZeroExtend.2" file="shared_pseudocode.xml" hover="function: bits(N) ZeroExtend(bits(M) x, integer N)">ZeroExtend</a>(imm16:'00', 64);</pstext>
        </ps>
      </ps_section>
    </iclass>
  </classes>
  <explanations scope="all">
    <explanation enclist="AUTIASPPC_only_dp_1src_imm" symboldefcount="1">
      <symbol link="imm16_offset">&lt;label&gt;</symbol>
      <account encodedin="imm16">
        <intro>
          <para>Is the program label whose address is to be calculated. Its negative offset from the address of this instruction, a multiple of 4 in the range -262140 to 0, is encoded as an unsigned value in the "imm16" field as &lt;label&gt;/4.</para>
        </intro>
      </account>
    </explanation>
  </explanations>
  <ps_section howmany="1">
    <ps name="A64.dpimm.dp_1src_imm.AUTIASPPC_only_dp_1src_imm" sections="1" secttype="Operation">
      <pstext mayhavelinks="1" section="Execute" rep_section="execute">
bits(64) pac_addr = PC64 - offset;

<a link="impl-aarch64.X.write.2" file="shared_pseudocode.xml" hover="accessor: X[integer n, integer width] = bits(width) value">X</a>[30, 64] = AuthIA2(<a link="impl-aarch64.X.read.2" file="shared_pseudocode.xml" hover="accessor: bits(width) X[integer n, integer width]">X</a>[30, 64], <a link="impl-aarch64.SP.read.0" file="shared_pseudocode.xml" hover="accessor: bits(64) SP[]">SP</a>[], pac_addr, FALSE);</pstext>
    </ps>
  </ps_section>
</instructionsection>

