<?xml version="1.0" encoding="utf-8"?>
<?xml-stylesheet type="text/xsl" encoding="UTF-8" href="iform.xsl" version="1.0"?>
<!DOCTYPE instructionsection PUBLIC "-//ARM//DTD instructionsection //EN" "iform-p.dtd">
<!-- Copyright (c) 2010-2023 Arm Limited or its affiliates. All rights reserved. -->
<!-- This document is Non-Confidential. This document may only be used and distributed in accordance with the terms of the agreement entered into by Arm and the party that Arm delivered this document to. -->

<instructionsection id="bf1cvt_mz2_z8" title="BF1CVT, BF2CVT" type="instruction">
  <docvars>
    <docvar key="instr-class" value="mortlach2" />
    <docvar key="isa" value="A64" />
  </docvars>
  <heading>BF1CVT, BF2CVT</heading>
  <desc>
    <brief>Multi-vector floating-point convert from 8-bit floating-point to BFloat16 (in-order)</brief>
    <description>
      <para>Convert each 8-bit floating-point element of the source vector to BFloat16 while downscaling the value, and place the results in the corresponding 16-bit elements of the destination vectors. BF1CVT scales the values by 2<sup>-UInt(FPMR.LSCALE[5:0])</sup>. BF2CVT scales the values by 2<sup>-UInt(FPMR.LSCALE2[5:0])</sup>. The 8-bit floating-point encoding format for BF1CVT is selected by <asm-code>FPMR.F8S1</asm-code>. The 8-bit floating-point encoding format for BF2CVT is selected by <asm-code>FPMR.F8S2</asm-code>.</para>
      <para>This instruction is unpredicated.</para>
    </description>
    <status>Amber</status>
    <predicated>False</predicated>
    <sm_policy>SM_1_only</sm_policy>
  </desc>
  <alias_list howmany="0"></alias_list>
  <classes>
    <classesintro count="2">
      <txt>It has encodings from 2 classes:</txt>
      <a href="#iclass_bf1cvt">BF1CVT</a>
      <txt> and </txt>
      <a href="#iclass_bf2cvt">BF2CVT</a>
    </classesintro>
    <iclass name="BF1CVT" oneof="2" id="iclass_bf1cvt" no_encodings="1" isa="A64">
      <docvars>
        <docvar key="instr-class" value="mortlach2" />
        <docvar key="isa" value="A64" />
        <docvar key="mnemonic" value="BF1CVT" />
      </docvars>
      <iclassintro count="1"></iclassintro>
      <arch_variants>
        <arch_variant name="FEAT_FP8" feature="FEAT_FP8" />
      </arch_variants>
      <regdiagram form="32" psname="BF1CVT-MZ2.Z8-_" tworows="1">
        <box hibit="31" width="8" settings="8">
          <c>1</c>
          <c>1</c>
          <c>0</c>
          <c>0</c>
          <c>0</c>
          <c>0</c>
          <c>0</c>
          <c>1</c>
        </box>
        <box hibit="23" name="opc&lt;1&gt;" settings="1">
          <c>0</c>
        </box>
        <box hibit="22" name="opc&lt;0&gt;" settings="1">
          <c>1</c>
        </box>
        <box hibit="21" width="12" settings="12">
          <c>1</c>
          <c>0</c>
          <c>0</c>
          <c>1</c>
          <c>1</c>
          <c>0</c>
          <c>1</c>
          <c>1</c>
          <c>1</c>
          <c>0</c>
          <c>0</c>
          <c>0</c>
        </box>
        <box hibit="9" width="5" name="Zn" usename="1">
          <c colspan="5"></c>
        </box>
        <box hibit="4" width="4" name="Zd" usename="1">
          <c colspan="4"></c>
        </box>
        <box hibit="0" name="L" usename="1" settings="1">
          <c>0</c>
        </box>
      </regdiagram>
      <encoding name="bf1cvt_mz2_z8_" oneofinclass="1" oneof="2" label="">
        <docvars>
          <docvar key="instr-class" value="mortlach2" />
          <docvar key="isa" value="A64" />
          <docvar key="mnemonic" value="BF1CVT" />
        </docvars>
        <asmtemplate><text>BF1CVT  </text><text>{</text><text> </text><a link="sa_zd1" hover="First scalable vector register of destination multi-vector group (field Zd)">&lt;Zd1&gt;</a><text>.H-</text><a link="sa_zd2" hover="Second scalable vector register of destination multi-vector group (field Zd)">&lt;Zd2&gt;</a><text>.H </text><text>}</text><text>, </text><a link="sa_zn" hover="Source scalable vector register (field &quot;Zn&quot;)">&lt;Zn&gt;</a><text>.B</text></asmtemplate>
      </encoding>
      <ps_section howmany="1">
        <ps name="BF1CVT-MZ2.Z8-_" mylink="BF1CVT-MZ2.Z8-_" enclabels="" sections="1" secttype="noheading">
          <pstext mayhavelinks="1" section="Decode" rep_section="decode">if !<a link="impl-aarch64.HaveSME2.0" file="shared_pseudocode.xml" hover="function: boolean HaveSME2()">HaveSME2</a>() || !IsFeatureImplemented(FEAT_FP8) then UNDEFINED;
integer n = <a link="impl-shared.UInt.1" file="shared_pseudocode.xml" hover="function: integer UInt(bits(N) x)">UInt</a>(Zn);
integer d = <a link="impl-shared.UInt.1" file="shared_pseudocode.xml" hover="function: integer UInt(bits(N) x)">UInt</a>(Zd: '0');
boolean issrc2 = FALSE;</pstext>
        </ps>
      </ps_section>
    </iclass>
    <iclass name="BF2CVT" oneof="2" id="iclass_bf2cvt" no_encodings="1" isa="A64">
      <docvars>
        <docvar key="instr-class" value="mortlach2" />
        <docvar key="isa" value="A64" />
        <docvar key="mnemonic" value="BF2CVT" />
      </docvars>
      <iclassintro count="1"></iclassintro>
      <arch_variants>
        <arch_variant name="FEAT_FP8" feature="FEAT_FP8" />
      </arch_variants>
      <regdiagram form="32" psname="BF2CVT-MZ2.Z8-_" tworows="1">
        <box hibit="31" width="8" settings="8">
          <c>1</c>
          <c>1</c>
          <c>0</c>
          <c>0</c>
          <c>0</c>
          <c>0</c>
          <c>0</c>
          <c>1</c>
        </box>
        <box hibit="23" name="opc&lt;1&gt;" settings="1">
          <c>1</c>
        </box>
        <box hibit="22" name="opc&lt;0&gt;" settings="1">
          <c>1</c>
        </box>
        <box hibit="21" width="12" settings="12">
          <c>1</c>
          <c>0</c>
          <c>0</c>
          <c>1</c>
          <c>1</c>
          <c>0</c>
          <c>1</c>
          <c>1</c>
          <c>1</c>
          <c>0</c>
          <c>0</c>
          <c>0</c>
        </box>
        <box hibit="9" width="5" name="Zn" usename="1">
          <c colspan="5"></c>
        </box>
        <box hibit="4" width="4" name="Zd" usename="1">
          <c colspan="4"></c>
        </box>
        <box hibit="0" name="L" usename="1" settings="1">
          <c>0</c>
        </box>
      </regdiagram>
      <encoding name="bf2cvt_mz2_z8_" oneofinclass="1" oneof="2" label="">
        <docvars>
          <docvar key="instr-class" value="mortlach2" />
          <docvar key="isa" value="A64" />
          <docvar key="mnemonic" value="BF2CVT" />
        </docvars>
        <asmtemplate><text>BF2CVT  </text><text>{</text><text> </text><a link="sa_zd1" hover="First scalable vector register of destination multi-vector group (field Zd)">&lt;Zd1&gt;</a><text>.H-</text><a link="sa_zd2" hover="Second scalable vector register of destination multi-vector group (field Zd)">&lt;Zd2&gt;</a><text>.H </text><text>}</text><text>, </text><a link="sa_zn" hover="Source scalable vector register (field &quot;Zn&quot;)">&lt;Zn&gt;</a><text>.B</text></asmtemplate>
      </encoding>
      <ps_section howmany="1">
        <ps name="BF2CVT-MZ2.Z8-_" mylink="BF2CVT-MZ2.Z8-_" enclabels="" sections="1" secttype="noheading">
          <pstext mayhavelinks="1" section="Decode" rep_section="decode">if !<a link="impl-aarch64.HaveSME2.0" file="shared_pseudocode.xml" hover="function: boolean HaveSME2()">HaveSME2</a>() || !IsFeatureImplemented(FEAT_FP8) then UNDEFINED;
integer n = <a link="impl-shared.UInt.1" file="shared_pseudocode.xml" hover="function: integer UInt(bits(N) x)">UInt</a>(Zn);
integer d = <a link="impl-shared.UInt.1" file="shared_pseudocode.xml" hover="function: integer UInt(bits(N) x)">UInt</a>(Zd: '0');
boolean issrc2 = TRUE;</pstext>
        </ps>
      </ps_section>
    </iclass>
  </classes>
  <explanations scope="all">
    <explanation enclist="bf1cvt_mz2_z8_, bf2cvt_mz2_z8_" symboldefcount="1">
      <symbol link="sa_zd1">&lt;Zd1&gt;</symbol>
      <account encodedin="Zd">
        <intro>
          <para>Is the name of the first scalable vector register of the destination multi-vector group, encoded as "Zd" times 2.</para>
        </intro>
      </account>
    </explanation>
    <explanation enclist="bf1cvt_mz2_z8_, bf2cvt_mz2_z8_" symboldefcount="1">
      <symbol link="sa_zd2">&lt;Zd2&gt;</symbol>
      <account encodedin="Zd">
        <intro>
          <para>Is the name of the second scalable vector register of the destination multi-vector group, encoded as "Zd" times 2 plus 1.</para>
        </intro>
      </account>
    </explanation>
    <explanation enclist="bf1cvt_mz2_z8_, bf2cvt_mz2_z8_" symboldefcount="1">
      <symbol link="sa_zn">&lt;Zn&gt;</symbol>
      <account encodedin="Zn">
        <intro>
          <para>Is the name of the source scalable vector register, encoded in the "Zn" field.</para>
        </intro>
      </account>
    </explanation>
  </explanations>
  <ps_section howmany="1">
    <ps name="BF1CVT-MZ2.Z8-_" mylink="execute" enclabels="" sections="1" secttype="Operation">
      <pstext mayhavelinks="1" section="Execute" rep_section="execute"><a link="impl-aarch64.CheckFPMREnabled.0" file="shared_pseudocode.xml" hover="function: CheckFPMREnabled()">CheckFPMREnabled</a>();
<a link="impl-aarch64.CheckStreamingSVEEnabled.0" file="shared_pseudocode.xml" hover="function: CheckStreamingSVEEnabled()">CheckStreamingSVEEnabled</a>();
constant integer VL = <a link="impl-aarch64.CurrentVL.read.none" file="shared_pseudocode.xml" hover="accessor: integer CurrentVL">CurrentVL</a>;
constant integer elements = VL DIV 8;
bits(VL) operand = <a link="impl-aarch64.Z.read.2" file="shared_pseudocode.xml" hover="accessor: bits(width) Z[integer n, integer width]">Z</a>[n, VL];
bits(2*VL) result;

for e = 0 to elements-1
    bits(8) element = <a link="impl-shared.Elem.read.3" file="shared_pseudocode.xml" hover="accessor: bits(size) Elem[bits(N) vector, integer e, integer size]">Elem</a>[operand, e, 8];
    <a link="impl-shared.Elem.write.3" file="shared_pseudocode.xml" hover="accessor: Elem[bits(N) &amp;vector, integer e, integer size] = bits(size) value">Elem</a>[result, e, 16] = <a link="impl-shared.FP8ConvertBF.4" file="shared_pseudocode.xml" hover="function: bits(2*N) FP8ConvertBF(bits(N) op, boolean issrc2, FPCR_Type fpcr, FPMR_Type fpmr)">FP8ConvertBF</a>(element, issrc2, FPCR, FPMR);

<a link="impl-aarch64.Z.write.2" file="shared_pseudocode.xml" hover="accessor: Z[integer n, integer width] = bits(width) value">Z</a>[d+0, VL] = result&lt;VL-1:0&gt;;
<a link="impl-aarch64.Z.write.2" file="shared_pseudocode.xml" hover="accessor: Z[integer n, integer width] = bits(width) value">Z</a>[d+1, VL] = result&lt;2*VL-1:VL&gt;;</pstext>
    </ps>
  </ps_section>
</instructionsection>
