<?xml version="1.0" encoding="utf-8"?>
<?xml-stylesheet type="text/xsl" encoding="UTF-8" href="iform.xsl" version="1.0"?>
<!DOCTYPE instructionsection PUBLIC "-//ARM//DTD instructionsection //EN" "iform-p.dtd">
<!-- Copyright (c) 2010-2023 Arm Limited or its affiliates. All rights reserved. -->
<!-- This document is Non-Confidential. This document may only be used and distributed in accordance with the terms of the agreement entered into by Arm and the party that Arm delivered this document to. -->

<instructionsection id="bfclamp_z_zz" title="BFCLAMP" type="instruction">
  <docvars>
    <docvar key="instr-class" value="sve2" />
    <docvar key="isa" value="A64" />
    <docvar key="mnemonic" value="BFCLAMP" />
  </docvars>
  <heading>BFCLAMP</heading>
  <desc>
    <brief>BFloat16 floating-point clamp to minimum/maximum number</brief>
    <description>
      <para>Clamp each BFloat16 element in the destination vector to between the BFloat16 minimum value in the corresponding element of the first source vector and the BFloat16 maximum value in the corresponding element of the second source vector and destructively place the clamped results in the corresponding elements of the destination vector.</para>
      <para>Regardless of the value of FPCR.AH, the behavior is as follows for each minimum number and maximum number operation:</para>
      <list type="unordered">
        <listitem>
          <content>Negative zero compares less than positive zero.</content>
        </listitem>
        <listitem>
          <content>If one value is numeric and the other is a quiet NaN, the result is the numeric value.</content>
        </listitem>
        <listitem>
          <content>When FPCR.DN is 0, if either value is a signaling NaN or if both values are NaNs, the result is a quiet NaN.</content>
        </listitem>
        <listitem>
          <content>When FPCR.DN is 1, if either value is a signaling NaN or if both values are NaNs, the result is Default NaN.</content>
        </listitem>
      </list>
      <para>This instruction follows SVE2.1 non-widening BFloat16 numerical behaviors.</para>
      <para>This instruction is unpredicated.</para>
      <para>ID_AA64ZFR0_EL1.B16B16 indicates whether this instruction is implemented.</para>
    </description>
    <status>Green</status>
    <predicated>False</predicated>
    <takes_movprfx>True</takes_movprfx>
  </desc>
  <alias_list howmany="0"></alias_list>
  <classes>
    <iclass name="SVE2" oneof="1" id="iclass_sve2" no_encodings="1" isa="A64">
      <docvars>
        <docvar key="instr-class" value="sve2" />
        <docvar key="isa" value="A64" />
        <docvar key="mnemonic" value="BFCLAMP" />
      </docvars>
      <iclassintro count="1"></iclassintro>
      <arch_variants>
        <arch_variant name="FEAT_SVE_B16B16" feature="FEAT_SVE_B16B16" />
      </arch_variants>
      <regdiagram form="32" psname="BFCLAMP-Z.ZZ-_" tworows="1">
        <box hibit="31" width="8" settings="8">
          <c>0</c>
          <c>1</c>
          <c>1</c>
          <c>0</c>
          <c>0</c>
          <c>1</c>
          <c>0</c>
          <c>0</c>
        </box>
        <box hibit="23" name="size&lt;1&gt;" usename="1" settings="1">
          <c>0</c>
        </box>
        <box hibit="22" name="size&lt;0&gt;" usename="1" settings="1">
          <c>0</c>
        </box>
        <box hibit="21" settings="1">
          <c>1</c>
        </box>
        <box hibit="20" width="5" name="Zm" usename="1">
          <c colspan="5"></c>
        </box>
        <box hibit="15" width="6" settings="6">
          <c>0</c>
          <c>0</c>
          <c>1</c>
          <c>0</c>
          <c>0</c>
          <c>1</c>
        </box>
        <box hibit="9" width="5" name="Zn" usename="1">
          <c colspan="5"></c>
        </box>
        <box hibit="4" width="5" name="Zd" usename="1">
          <c colspan="5"></c>
        </box>
      </regdiagram>
      <encoding name="bfclamp_z_zz_" oneofinclass="1" oneof="1" label="">
        <docvars>
          <docvar key="instr-class" value="sve2" />
          <docvar key="isa" value="A64" />
          <docvar key="mnemonic" value="BFCLAMP" />
        </docvars>
        <asmtemplate><text>BFCLAMP </text><a link="sa_zd" hover="Destination scalable vector register (field &quot;Zd&quot;)">&lt;Zd&gt;</a><text>.H, </text><a link="sa_zn" hover="First source scalable vector register (field &quot;Zn&quot;)">&lt;Zn&gt;</a><text>.H, </text><a link="sa_zm" hover="Second source scalable vector register (field &quot;Zm&quot;)">&lt;Zm&gt;</a><text>.H</text></asmtemplate>
      </encoding>
      <ps_section howmany="1">
        <ps name="BFCLAMP-Z.ZZ-_" mylink="BFCLAMP-Z.ZZ-_" enclabels="" sections="1" secttype="noheading">
          <pstext mayhavelinks="1" section="Decode" rep_section="decode">if (!<a link="impl-aarch64.HaveSVE2.0" file="shared_pseudocode.xml" hover="function: boolean HaveSVE2()">HaveSVE2</a>() &amp;&amp; !<a link="impl-aarch64.HaveSME2.0" file="shared_pseudocode.xml" hover="function: boolean HaveSME2()">HaveSME2</a>()) || !IsFeatureImplemented(FEAT_SVE_B16B16) then UNDEFINED;
integer n = <a link="impl-shared.UInt.1" file="shared_pseudocode.xml" hover="function: integer UInt(bits(N) x)">UInt</a>(Zn);
integer m = <a link="impl-shared.UInt.1" file="shared_pseudocode.xml" hover="function: integer UInt(bits(N) x)">UInt</a>(Zm);
integer d = <a link="impl-shared.UInt.1" file="shared_pseudocode.xml" hover="function: integer UInt(bits(N) x)">UInt</a>(Zd);</pstext>
        </ps>
      </ps_section>
    </iclass>
  </classes>
  <explanations scope="all">
    <explanation enclist="bfclamp_z_zz_" symboldefcount="1">
      <symbol link="sa_zd">&lt;Zd&gt;</symbol>
      <account encodedin="Zd">
        <intro>
          <para>Is the name of the destination scalable vector register, encoded in the "Zd" field.</para>
        </intro>
      </account>
    </explanation>
    <explanation enclist="bfclamp_z_zz_" symboldefcount="1">
      <symbol link="sa_zn">&lt;Zn&gt;</symbol>
      <account encodedin="Zn">
        <intro>
          <para>Is the name of the first source scalable vector register, encoded in the "Zn" field.</para>
        </intro>
      </account>
    </explanation>
    <explanation enclist="bfclamp_z_zz_" symboldefcount="1">
      <symbol link="sa_zm">&lt;Zm&gt;</symbol>
      <account encodedin="Zm">
        <intro>
          <para>Is the name of the second source scalable vector register, encoded in the "Zm" field.</para>
        </intro>
      </account>
    </explanation>
  </explanations>
  <ps_section howmany="1">
    <ps name="BFCLAMP-Z.ZZ-_" mylink="execute" enclabels="" sections="1" secttype="Operation">
      <pstext mayhavelinks="1" section="Execute" rep_section="execute"><a link="impl-aarch64.CheckSVEEnabled.0" file="shared_pseudocode.xml" hover="function: CheckSVEEnabled()">CheckSVEEnabled</a>();
constant integer VL = <a link="impl-aarch64.CurrentVL.read.none" file="shared_pseudocode.xml" hover="accessor: integer CurrentVL">CurrentVL</a>;
constant integer PL = VL DIV 8;
constant integer elements = VL DIV 16;
bits(VL) result;
bits(VL) operand1 = <a link="impl-aarch64.Z.read.2" file="shared_pseudocode.xml" hover="accessor: bits(width) Z[integer n, integer width]">Z</a>[n, VL];
bits(VL) operand2 = <a link="impl-aarch64.Z.read.2" file="shared_pseudocode.xml" hover="accessor: bits(width) Z[integer n, integer width]">Z</a>[m, VL];
bits(VL) operand3 = <a link="impl-aarch64.Z.read.2" file="shared_pseudocode.xml" hover="accessor: bits(width) Z[integer n, integer width]">Z</a>[d, VL];

for e = 0 to elements-1
    bits(16) element1 = <a link="impl-shared.Elem.read.3" file="shared_pseudocode.xml" hover="accessor: bits(size) Elem[bits(N) vector, integer e, integer size]">Elem</a>[operand1, e, 16];
    bits(16) element2 = <a link="impl-shared.Elem.read.3" file="shared_pseudocode.xml" hover="accessor: bits(size) Elem[bits(N) vector, integer e, integer size]">Elem</a>[operand2, e, 16];
    bits(16) element3 = <a link="impl-shared.Elem.read.3" file="shared_pseudocode.xml" hover="accessor: bits(size) Elem[bits(N) vector, integer e, integer size]">Elem</a>[operand3, e, 16];
    <a link="impl-shared.Elem.write.3" file="shared_pseudocode.xml" hover="accessor: Elem[bits(N) &amp;vector, integer e, integer size] = bits(size) value">Elem</a>[result, e, 16] = <a link="impl-shared.BFMinNum.3" file="shared_pseudocode.xml" hover="function: bits(N) BFMinNum(bits(N) op1_in, bits(N) op2_in, FPCR_Type fpcr)">BFMinNum</a>(<a link="impl-shared.BFMaxNum.3" file="shared_pseudocode.xml" hover="function: bits(N) BFMaxNum(bits(N) op1_in, bits(N) op2_in, FPCR_Type fpcr)">BFMaxNum</a>(element1, element3, FPCR), element2, FPCR);
<a link="impl-aarch64.Z.write.2" file="shared_pseudocode.xml" hover="accessor: Z[integer n, integer width] = bits(width) value">Z</a>[d, VL] = result;</pstext>
    </ps>
  </ps_section>
</instructionsection>
