<?xml version="1.0" encoding="utf-8"?>
<?xml-stylesheet type="text/xsl" encoding="UTF-8" href="iform.xsl" version="1.0"?>
<!DOCTYPE instructionsection PUBLIC "-//ARM//DTD instructionsection //EN" "iform-p.dtd">
<!-- Copyright (c) 2010-2023 Arm Limited or its affiliates. All rights reserved. -->
<!-- This document is Non-Confidential. This document may only be used and distributed in accordance with the terms of the agreement entered into by Arm and the party that Arm delivered this document to. -->

<instructionsection id="bfcvtnt_z_p_z" title="BFCVTNT" type="instruction">
  <docvars>
    <docvar key="instr-class" value="sve" />
    <docvar key="isa" value="A64" />
    <docvar key="mnemonic" value="BFCVTNT" />
  </docvars>
  <heading>BFCVTNT</heading>
  <desc>
    <brief>Floating-point down convert and narrow to BFloat16 (top, predicated)</brief>
    <description>
      <para>Convert to BFloat16 from single-precision in each active floating-point element of the source vector, and place the results in the odd-numbered 16-bit elements of the destination vector, leaving the even-numbered elements unchanged. Inactive elements in the destination vector register remain unmodified.</para>
      <para>ID_AA64ZFR0_EL1.BF16 indicates whether this instruction is implemented.</para>
    </description>
    <status>Green</status>
    <predicated>True</predicated>
  </desc>
  <alias_list howmany="0"></alias_list>
  <classes>
    <iclass name="SVE" oneof="1" id="iclass_sve" no_encodings="1" isa="A64">
      <docvars>
        <docvar key="instr-class" value="sve" />
        <docvar key="isa" value="A64" />
        <docvar key="mnemonic" value="BFCVTNT" />
      </docvars>
      <iclassintro count="1"></iclassintro>
      <arch_variants>
        <arch_variant name="ARMv8.6" feature="FEAT_BF16" />
      </arch_variants>
      <regdiagram form="32" psname="BFCVTNT-Z.P.Z-S2BF">
        <box hibit="31" width="8" settings="8">
          <c>0</c>
          <c>1</c>
          <c>1</c>
          <c>0</c>
          <c>0</c>
          <c>1</c>
          <c>0</c>
          <c>0</c>
        </box>
        <box hibit="23" name="opc&lt;1&gt;" settings="1">
          <c>1</c>
        </box>
        <box hibit="22" name="opc&lt;0&gt;" settings="1">
          <c>0</c>
        </box>
        <box hibit="21" width="4" settings="4">
          <c>0</c>
          <c>0</c>
          <c>1</c>
          <c>0</c>
        </box>
        <box hibit="17" name="opc2&lt;1&gt;" settings="1">
          <c>1</c>
        </box>
        <box hibit="16" name="opc2&lt;0&gt;" settings="1">
          <c>0</c>
        </box>
        <box hibit="15" width="3" settings="3">
          <c>1</c>
          <c>0</c>
          <c>1</c>
        </box>
        <box hibit="12" width="3" name="Pg" usename="1">
          <c colspan="3"></c>
        </box>
        <box hibit="9" width="5" name="Zn" usename="1">
          <c colspan="5"></c>
        </box>
        <box hibit="4" width="5" name="Zd" usename="1">
          <c colspan="5"></c>
        </box>
      </regdiagram>
      <encoding name="bfcvtnt_z_p_z_s2bf" oneofinclass="1" oneof="1" label="">
        <docvars>
          <docvar key="instr-class" value="sve" />
          <docvar key="isa" value="A64" />
          <docvar key="mnemonic" value="BFCVTNT" />
        </docvars>
        <asmtemplate><text>BFCVTNT </text><a link="sa_zd" hover="Destination scalable vector register (field &quot;Zd&quot;)">&lt;Zd&gt;</a><text>.H, </text><a link="sa_pg" hover="Governing scalable predicate register P0-P7 (field &quot;Pg&quot;)">&lt;Pg&gt;</a><text>/M, </text><a link="sa_zn" hover="Source scalable vector register (field &quot;Zn&quot;)">&lt;Zn&gt;</a><text>.S</text></asmtemplate>
      </encoding>
      <ps_section howmany="1">
        <ps name="BFCVTNT-Z.P.Z-S2BF" mylink="BFCVTNT-Z.P.Z-S2BF" enclabels="" sections="1" secttype="noheading">
          <pstext mayhavelinks="1" section="Decode" rep_section="decode">if (!<a link="impl-aarch64.HaveSVE.0" file="shared_pseudocode.xml" hover="function: boolean HaveSVE()">HaveSVE</a>() &amp;&amp; !<a link="impl-aarch64.HaveSME.0" file="shared_pseudocode.xml" hover="function: boolean HaveSME()">HaveSME</a>()) || !<a link="impl-shared.HaveBF16Ext.0" file="shared_pseudocode.xml" hover="function: boolean HaveBF16Ext()">HaveBF16Ext</a>() then UNDEFINED;
integer g = <a link="impl-shared.UInt.1" file="shared_pseudocode.xml" hover="function: integer UInt(bits(N) x)">UInt</a>(Pg);
integer n = <a link="impl-shared.UInt.1" file="shared_pseudocode.xml" hover="function: integer UInt(bits(N) x)">UInt</a>(Zn);
integer d = <a link="impl-shared.UInt.1" file="shared_pseudocode.xml" hover="function: integer UInt(bits(N) x)">UInt</a>(Zd);</pstext>
        </ps>
      </ps_section>
    </iclass>
  </classes>
  <explanations scope="all">
    <explanation enclist="bfcvtnt_z_p_z_s2bf" symboldefcount="1">
      <symbol link="sa_zd">&lt;Zd&gt;</symbol>
      <account encodedin="Zd">
        <intro>
          <para>Is the name of the destination scalable vector register, encoded in the "Zd" field.</para>
        </intro>
      </account>
    </explanation>
    <explanation enclist="bfcvtnt_z_p_z_s2bf" symboldefcount="1">
      <symbol link="sa_pg">&lt;Pg&gt;</symbol>
      <account encodedin="Pg">
        <intro>
          <para>Is the name of the governing scalable predicate register P0-P7, encoded in the "Pg" field.</para>
        </intro>
      </account>
    </explanation>
    <explanation enclist="bfcvtnt_z_p_z_s2bf" symboldefcount="1">
      <symbol link="sa_zn">&lt;Zn&gt;</symbol>
      <account encodedin="Zn">
        <intro>
          <para>Is the name of the source scalable vector register, encoded in the "Zn" field.</para>
        </intro>
      </account>
    </explanation>
  </explanations>
  <ps_section howmany="1">
    <ps name="BFCVTNT-Z.P.Z-S2BF" mylink="execute" enclabels="" sections="1" secttype="Operation">
      <pstext mayhavelinks="1" section="Execute" rep_section="execute"><a link="impl-aarch64.CheckSVEEnabled.0" file="shared_pseudocode.xml" hover="function: CheckSVEEnabled()">CheckSVEEnabled</a>();
constant integer VL = <a link="impl-aarch64.CurrentVL.read.none" file="shared_pseudocode.xml" hover="accessor: integer CurrentVL">CurrentVL</a>;
constant integer PL = VL DIV 8;
constant integer elements = VL DIV 32;
bits(PL) mask = <a link="impl-aarch64.P.read.2" file="shared_pseudocode.xml" hover="accessor: bits(width) P[integer n, integer width]">P</a>[g, PL];
bits(VL) operand = if <a link="impl-aarch64.AnyActiveElement.2" file="shared_pseudocode.xml" hover="function: boolean AnyActiveElement(bits(N) mask, integer esize)">AnyActiveElement</a>(mask, 32) then <a link="impl-aarch64.Z.read.2" file="shared_pseudocode.xml" hover="accessor: bits(width) Z[integer n, integer width]">Z</a>[n, VL] else <a link="impl-shared.Zeros.1" file="shared_pseudocode.xml" hover="function: bits(N) Zeros(integer N)">Zeros</a>(VL);
bits(VL) result = <a link="impl-aarch64.Z.read.2" file="shared_pseudocode.xml" hover="accessor: bits(width) Z[integer n, integer width]">Z</a>[d, VL];

for e = 0 to elements-1
    if <a link="impl-aarch64.ActivePredicateElement.3" file="shared_pseudocode.xml" hover="function: boolean ActivePredicateElement(bits(N) pred, integer e, integer esize)">ActivePredicateElement</a>(mask, e, 32) then
        bits(32) element = <a link="impl-shared.Elem.read.3" file="shared_pseudocode.xml" hover="accessor: bits(size) Elem[bits(N) vector, integer e, integer size]">Elem</a>[operand, e, 32];
        <a link="impl-shared.Elem.write.3" file="shared_pseudocode.xml" hover="accessor: Elem[bits(N) &amp;vector, integer e, integer size] = bits(size) value">Elem</a>[result, 2*e+1, 16] = <a link="impl-shared.FPConvertBF.2" file="shared_pseudocode.xml" hover="function: bits(N DIV 2) FPConvertBF(bits(N) op, FPCR_Type fpcr)">FPConvertBF</a>(element, FPCR);

<a link="impl-aarch64.Z.write.2" file="shared_pseudocode.xml" hover="accessor: Z[integer n, integer width] = bits(width) value">Z</a>[d, VL] = result;</pstext>
    </ps>
  </ps_section>
</instructionsection>
