<?xml version="1.0" encoding="utf-8"?>
<?xml-stylesheet type="text/xsl" encoding="UTF-8" href="iform.xsl" version="1.0"?>
<!DOCTYPE instructionsection PUBLIC "-//ARM//DTD instructionsection //EN" "iform-p.dtd">
<!-- Copyright (c) 2010-2023 Arm Limited or its affiliates. All rights reserved. -->
<!-- This document is Non-Confidential. This document may only be used and distributed in accordance with the terms of the agreement entered into by Arm and the party that Arm delivered this document to. -->

<instructionsection id="bfcvt_z_mz2" title="BFCVT" type="instruction">
  <docvars>
    <docvar key="instr-class" value="mortlach2" />
    <docvar key="isa" value="A64" />
    <docvar key="mnemonic" value="BFCVT" />
  </docvars>
  <heading>BFCVT</heading>
  <desc>
    <brief>Multi-vector floating-point convert from single-precision to packed BFloat16 format</brief>
    <description>
      <para>Convert to BFloat16 from single-precision, each element of the two source vectors, and place the results in the half-width destination elements.</para>
      <para>This instruction follows SME2 floating-point numerical behaviors corresponding to instructions that place their results in one or more SVE Z vectors.</para>
      <para>This instruction is unpredicated.</para>
    </description>
    <status>Green</status>
    <predicated>False</predicated>
    <sm_policy>SM_1_only</sm_policy>
  </desc>
  <alias_list howmany="0"></alias_list>
  <classes>
    <iclass name="SME2" oneof="1" id="iclass_mortlach2" no_encodings="1" isa="A64">
      <docvars>
        <docvar key="instr-class" value="mortlach2" />
        <docvar key="isa" value="A64" />
        <docvar key="mnemonic" value="BFCVT" />
      </docvars>
      <iclassintro count="1"></iclassintro>
      <arch_variants>
        <arch_variant name="FEAT_SME2" feature="FEAT_SME2" />
      </arch_variants>
      <regdiagram form="32" psname="BFCVT-Z.MZ2-_" tworows="1">
        <box hibit="31" width="9" settings="9">
          <c>1</c>
          <c>1</c>
          <c>0</c>
          <c>0</c>
          <c>0</c>
          <c>0</c>
          <c>0</c>
          <c>1</c>
          <c>0</c>
        </box>
        <box hibit="22" name="op" settings="1">
          <c>1</c>
        </box>
        <box hibit="21" width="12" settings="12">
          <c>1</c>
          <c>0</c>
          <c>0</c>
          <c>0</c>
          <c>0</c>
          <c>0</c>
          <c>1</c>
          <c>1</c>
          <c>1</c>
          <c>0</c>
          <c>0</c>
          <c>0</c>
        </box>
        <box hibit="9" width="4" name="Zn" usename="1">
          <c colspan="4"></c>
        </box>
        <box hibit="5" name="N" usename="1" settings="1">
          <c>0</c>
        </box>
        <box hibit="4" width="5" name="Zd" usename="1">
          <c colspan="5"></c>
        </box>
      </regdiagram>
      <encoding name="bfcvt_z_mz2_" oneofinclass="1" oneof="1" label="">
        <docvars>
          <docvar key="instr-class" value="mortlach2" />
          <docvar key="isa" value="A64" />
          <docvar key="mnemonic" value="BFCVT" />
        </docvars>
        <asmtemplate><text>BFCVT   </text><a link="sa_zd" hover="Destination scalable vector register (field &quot;Zd&quot;)">&lt;Zd&gt;</a><text>.H, </text><text>{</text><text> </text><a link="sa_zn1" hover="First scalable vector register of source multi-vector group (field Zn)">&lt;Zn1&gt;</a><text>.S-</text><a link="sa_zn2" hover="Second scalable vector register of source multi-vector group (field Zn)">&lt;Zn2&gt;</a><text>.S </text><text>}</text></asmtemplate>
      </encoding>
      <ps_section howmany="1">
        <ps name="BFCVT-Z.MZ2-_" mylink="BFCVT-Z.MZ2-_" enclabels="" sections="1" secttype="noheading">
          <pstext mayhavelinks="1" section="Decode" rep_section="decode">if !<a link="impl-aarch64.HaveSME2.0" file="shared_pseudocode.xml" hover="function: boolean HaveSME2()">HaveSME2</a>() then UNDEFINED;
integer n = <a link="impl-shared.UInt.1" file="shared_pseudocode.xml" hover="function: integer UInt(bits(N) x)">UInt</a>(Zn:'0');
integer d = <a link="impl-shared.UInt.1" file="shared_pseudocode.xml" hover="function: integer UInt(bits(N) x)">UInt</a>(Zd);</pstext>
        </ps>
      </ps_section>
    </iclass>
  </classes>
  <explanations scope="all">
    <explanation enclist="bfcvt_z_mz2_" symboldefcount="1">
      <symbol link="sa_zd">&lt;Zd&gt;</symbol>
      <account encodedin="Zd">
        <intro>
          <para>Is the name of the destination scalable vector register, encoded in the "Zd" field.</para>
        </intro>
      </account>
    </explanation>
    <explanation enclist="bfcvt_z_mz2_" symboldefcount="1">
      <symbol link="sa_zn1">&lt;Zn1&gt;</symbol>
      <account encodedin="Zn">
        <intro>
          <para>Is the name of the first scalable vector register of the source multi-vector group, encoded as "Zn" times 2.</para>
        </intro>
      </account>
    </explanation>
    <explanation enclist="bfcvt_z_mz2_" symboldefcount="1">
      <symbol link="sa_zn2">&lt;Zn2&gt;</symbol>
      <account encodedin="Zn">
        <intro>
          <para>Is the name of the second scalable vector register of the source multi-vector group, encoded as "Zn" times 2 plus 1.</para>
        </intro>
      </account>
    </explanation>
  </explanations>
  <ps_section howmany="1">
    <ps name="BFCVT-Z.MZ2-_" mylink="execute" enclabels="" sections="1" secttype="Operation">
      <pstext mayhavelinks="1" section="Execute" rep_section="execute"><a link="impl-aarch64.CheckStreamingSVEEnabled.0" file="shared_pseudocode.xml" hover="function: CheckStreamingSVEEnabled()">CheckStreamingSVEEnabled</a>();
constant integer VL = <a link="impl-aarch64.CurrentVL.read.none" file="shared_pseudocode.xml" hover="accessor: integer CurrentVL">CurrentVL</a>;
constant integer elements = VL DIV 32;
bits(VL) result;

bits(VL) operand1 = <a link="impl-aarch64.Z.read.2" file="shared_pseudocode.xml" hover="accessor: bits(width) Z[integer n, integer width]">Z</a>[n+0, VL];
bits(VL) operand2 = <a link="impl-aarch64.Z.read.2" file="shared_pseudocode.xml" hover="accessor: bits(width) Z[integer n, integer width]">Z</a>[n+1, VL];
for e = 0 to elements-1
    bits(32) element1 = <a link="impl-shared.Elem.read.3" file="shared_pseudocode.xml" hover="accessor: bits(size) Elem[bits(N) vector, integer e, integer size]">Elem</a>[operand1, e, 32];
    bits(32) element2 = <a link="impl-shared.Elem.read.3" file="shared_pseudocode.xml" hover="accessor: bits(size) Elem[bits(N) vector, integer e, integer size]">Elem</a>[operand2, e, 32];
    bits(16) res1 = <a link="impl-shared.FPConvertBF.2" file="shared_pseudocode.xml" hover="function: bits(N DIV 2) FPConvertBF(bits(N) op, FPCR_Type fpcr)">FPConvertBF</a>(element1, FPCR);
    bits(16) res2 = <a link="impl-shared.FPConvertBF.2" file="shared_pseudocode.xml" hover="function: bits(N DIV 2) FPConvertBF(bits(N) op, FPCR_Type fpcr)">FPConvertBF</a>(element2, FPCR);
    <a link="impl-shared.Elem.write.3" file="shared_pseudocode.xml" hover="accessor: Elem[bits(N) &amp;vector, integer e, integer size] = bits(size) value">Elem</a>[result, e, 16] = res1;
    <a link="impl-shared.Elem.write.3" file="shared_pseudocode.xml" hover="accessor: Elem[bits(N) &amp;vector, integer e, integer size] = bits(size) value">Elem</a>[result, elements+e, 16] = res2;

<a link="impl-aarch64.Z.write.2" file="shared_pseudocode.xml" hover="accessor: Z[integer n, integer width] = bits(width) value">Z</a>[d, VL] = result;</pstext>
    </ps>
  </ps_section>
</instructionsection>
