<?xml version="1.0" encoding="utf-8"?>
<?xml-stylesheet type="text/xsl" encoding="UTF-8" href="iform.xsl" version="1.0"?>
<!DOCTYPE instructionsection PUBLIC "-//ARM//DTD instructionsection //EN" "iform-p.dtd">
<!-- Copyright (c) 2010-2023 Arm Limited or its affiliates. All rights reserved. -->
<!-- This document is Non-Confidential. This document may only be used and distributed in accordance with the terms of the agreement entered into by Arm and the party that Arm delivered this document to. -->

<instructionsection id="BFCVT_float" title="BFCVT -- A64" type="instruction">
  <docvars>
    <docvar key="convert-type" value="single-to-bf16"/>
    <docvar key="instr-class" value="float"/>
    <docvar key="isa" value="A64"/>
    <docvar key="mnemonic" value="BFCVT"/>
  </docvars>
  <heading>BFCVT</heading>
  <desc>
    <brief>
      <para>Floating-point convert from single-precision to BFloat16 format (scalar)</para>
    </brief>
    <authored>
      <para>Floating-point convert from single-precision to BFloat16 format (scalar) converts the single-precision floating-point value
in the 32-bit SIMD&amp;FP source register to BFloat16 format and writes
the result in the 16-bit SIMD&amp;FP destination register.</para>
      <para><register_link id="AArch64-id_aa64isar1_el1.xml" state="AArch64">ID_AA64ISAR1_EL1</register_link>.BF16 indicates whether this instruction is supported.</para>
    </authored>
  </desc>
  <alias_list howmany="0"/>
  <classes>
    <iclass name="Single-precision to BFloat16" oneof="1" id="iclass_single_precision_to_bfloat16" no_encodings="1" isa="A64">
      <docvars>
        <docvar key="convert-type" value="single-to-bf16"/>
        <docvar key="instr-class" value="float"/>
        <docvar key="isa" value="A64"/>
        <docvar key="mnemonic" value="BFCVT"/>
      </docvars>
      <iclassintro count="1"/>
      <arch_variants>
        <arch_variant feature="FEAT_BF16" name="ARMv8.6"/>
      </arch_variants>
      <regdiagram form="32" psname="A64.simd_dp.floatdp1.BFCVT_BS_floatdp1" tworows="1">
        <box hibit="31" name="M" usename="1" settings="1" psbits="x">
          <c>0</c>
        </box>
        <box hibit="30" width="1" settings="1">
          <c>0</c>
        </box>
        <box hibit="29" name="S" usename="1" settings="1" psbits="x">
          <c>0</c>
        </box>
        <box hibit="28" width="5" settings="5">
          <c>1</c>
          <c>1</c>
          <c>1</c>
          <c>1</c>
          <c>0</c>
        </box>
        <box hibit="23" width="2" name="ftype" usename="1" settings="2" psbits="xx">
          <c>0</c>
          <c>1</c>
        </box>
        <box hibit="21" width="1" settings="1">
          <c>1</c>
        </box>
        <box hibit="20" width="6" name="opcode" usename="1" settings="6" psbits="xxxxxx">
          <c>0</c>
          <c>0</c>
          <c>0</c>
          <c>1</c>
          <c>1</c>
          <c>0</c>
        </box>
        <box hibit="14" width="5" settings="5">
          <c>1</c>
          <c>0</c>
          <c>0</c>
          <c>0</c>
          <c>0</c>
        </box>
        <box hibit="9" width="5" name="Rn" usename="1">
          <c colspan="5"/>
        </box>
        <box hibit="4" width="5" name="Rd" usename="1">
          <c colspan="5"/>
        </box>
      </regdiagram>
      <encoding name="BFCVT_BS_floatdp1" oneofinclass="1" oneof="1" label="">
        <docvars>
          <docvar key="isa" value="A64"/>
          <docvar key="mnemonic" value="BFCVT"/>
          <docvar key="convert-type" value="single-to-bf16"/>
          <docvar key="instr-class" value="float"/>
        </docvars>
        <asmtemplate><text>BFCVT  </text><a hover="Is the 16-bit name of the SIMD&amp;amp;FP destination register, encoded in the &quot;Rd&quot; field." link="Hd">&lt;Hd&gt;</a><text>, </text><a hover="Is the 32-bit name of the SIMD&amp;amp;FP source register, encoded in the &quot;Rn&quot; field." link="Sn">&lt;Sn&gt;</a></asmtemplate>
      </encoding>
      <ps_section howmany="1">
        <ps name="A64.simd_dp.floatdp1.BFCVT_BS_floatdp1" sections="1" secttype="noheading">
          <pstext mayhavelinks="1" section="Decode" rep_section="decode">if !IsFeatureImplemented(FEAT_BF16) then UNDEFINED;
integer n = <a link="impl-shared.UInt.1" file="shared_pseudocode.xml" hover="function: integer UInt(bits(N) x)">UInt</a>(Rn);
integer d = <a link="impl-shared.UInt.1" file="shared_pseudocode.xml" hover="function: integer UInt(bits(N) x)">UInt</a>(Rd);</pstext>
        </ps>
      </ps_section>
    </iclass>
  </classes>
  <explanations scope="all">
    <explanation enclist="BFCVT_BS_floatdp1" symboldefcount="1">
      <symbol link="Hd">&lt;Hd&gt;</symbol>
      <account encodedin="Rd">
        <intro>
          <para>Is the 16-bit name of the SIMD&amp;FP destination register, encoded in the "Rd" field.</para>
        </intro>
      </account>
    </explanation>
    <explanation enclist="BFCVT_BS_floatdp1" symboldefcount="1">
      <symbol link="Sn">&lt;Sn&gt;</symbol>
      <account encodedin="Rn">
        <intro>
          <para>Is the 32-bit name of the SIMD&amp;FP source register, encoded in the "Rn" field.</para>
        </intro>
      </account>
    </explanation>
  </explanations>
  <ps_section howmany="1">
    <ps name="A64.simd_dp.floatdp1.BFCVT_BS_floatdp1" sections="1" secttype="Operation">
      <pstext mayhavelinks="1" section="Execute" rep_section="execute"><a link="impl-aarch64.CheckFPEnabled64.0" file="shared_pseudocode.xml" hover="function: CheckFPEnabled64()">CheckFPEnabled64</a>();

bits(32) operand = <a link="impl-aarch64.V.read.2" file="shared_pseudocode.xml" hover="accessor: bits(width) V[integer n, integer width]">V</a>[n, 32];
boolean merge = <a link="impl-shared.IsMerging.1" file="shared_pseudocode.xml" hover="function: boolean IsMerging(FPCR_Type fpcr)">IsMerging</a>(FPCR);
bits(128) result = if merge then <a link="impl-aarch64.V.read.2" file="shared_pseudocode.xml" hover="accessor: bits(width) V[integer n, integer width]">V</a>[d, 128] else <a link="impl-shared.Zeros.1" file="shared_pseudocode.xml" hover="function: bits(N) Zeros(integer N)">Zeros</a>(128);

<a link="impl-shared.Elem.write.3" file="shared_pseudocode.xml" hover="accessor: Elem[bits(N) &amp;vector, integer e, integer size] = bits(size) value">Elem</a>[result, 0, 16] = <a link="impl-shared.FPConvertBF.2" file="shared_pseudocode.xml" hover="function: bits(N DIV 2) FPConvertBF(bits(N) op, FPCR_Type fpcr)">FPConvertBF</a>(operand, FPCR);

<a link="impl-aarch64.V.write.2" file="shared_pseudocode.xml" hover="accessor: V[integer n, integer width] = bits(width) value">V</a>[d, 128] = result;</pstext>
    </ps>
  </ps_section>
</instructionsection>

