<?xml version="1.0" encoding="utf-8"?>
<?xml-stylesheet type="text/xsl" encoding="UTF-8" href="iform.xsl" version="1.0"?>
<!DOCTYPE instructionsection PUBLIC "-//ARM//DTD instructionsection //EN" "iform-p.dtd">
<!-- Copyright (c) 2010-2023 Arm Limited or its affiliates. All rights reserved. -->
<!-- This document is Non-Confidential. This document may only be used and distributed in accordance with the terms of the agreement entered into by Arm and the party that Arm delivered this document to. -->

<instructionsection id="bfdot_z_zzzi" title="BFDOT (indexed)" type="instruction">
  <docvars>
    <docvar key="instr-class" value="sve" />
    <docvar key="isa" value="A64" />
    <docvar key="mnemonic" value="BFDOT" />
  </docvars>
  <heading>BFDOT (indexed)</heading>
  <desc>
    <brief>BFloat16 floating-point indexed dot product</brief>
    <description>
      <para>This instruction delimits the source vectors into pairs of BFloat16 elements. The BFloat16 pairs within the second source vector are specified using an immediate index which selects the same BFloat16 pair position within each 128-bit vector segment. The index range is from 0 to 3.</para>
      <para>If FEAT_EBF16 is not implemented or FPCR.EBF is 0, this instruction:</para>
      <list type="unordered">
        <listitem>
          <content>Performs an unfused sum-of-products of each pair of adjacent BFloat16 elements in the first source vector with the specified pair of elements in the second vector. The intermediate single-precision products are rounded before they are summed, and the intermediate sum is rounded before accumulation into the single-precision destination element that overlaps with the corresponding pair of BFloat16 elements in the first source vector.</content>
        </listitem>
        <listitem>
          <content>Uses the non-IEEE 754 Round-to-Odd rounding mode, which forces bit 0 of an inexact result to 1, and rounds an overflow to an appropriately signed Infinity.</content>
        </listitem>
        <listitem>
          <content>Flushes denormalized inputs and results to zero, as if FPCR.{FZ, FIZ} is {1, 1}.</content>
        </listitem>
        <listitem>
          <content>Disables alternative floating point behaviors, as if FPCR.AH is 0.</content>
        </listitem>
      </list>
      <para>If FEAT_EBF16 is implemented and FPCR.EBF is 1, then this instruction:</para>
      <list type="unordered">
        <listitem>
          <content>Performs a fused sum-of-products of each pair of adjacent BFloat16 elements in the first source vector with the specified pair of elements in the second vector. The intermediate single-precision products are not rounded before they are summed, but the intermediate sum is rounded before accumulation into the single-precision destination element that overlaps with the corresponding pair of BFloat16 elements in the first source vector.</content>
        </listitem>
        <listitem>
          <content>Follows all other floating-point behaviors that apply to single-precision arithmetic, as governed by FPCR.RMode, FPCR.FZ, FPCR.AH, and FPCR.FIZ.</content>
        </listitem>
      </list>
      <para>Irrespective of FEAT_EBF16 and FPCR.EBF, this instruction:</para>
      <list type="unordered">
        <listitem>
          <content>Does not modify the cumulative FPSR exception bits (IDC, IXC, UFC, OFC, DZC, and IOC).</content>
        </listitem>
        <listitem>
          <content>Disables trapped floating-point exceptions, as if the FPCR trap enable bits (IDE, IXE, UFE, OFE, DZE, and IOE) are all zero.</content>
        </listitem>
        <listitem>
          <content>Generates only the default NaN, as if FPCR.DN is 1.</content>
        </listitem>
      </list>
      <para>This instruction is unpredicated.</para>
      <para>ID_AA64ZFR0_EL1.BF16 indicates whether this instruction is implemented.</para>
    </description>
    <status>Green</status>
    <predicated>False</predicated>
    <takes_movprfx>True</takes_movprfx>
  </desc>
  <alias_list howmany="0"></alias_list>
  <classes>
    <iclass name="SVE" oneof="1" id="iclass_sve" no_encodings="1" isa="A64">
      <docvars>
        <docvar key="instr-class" value="sve" />
        <docvar key="isa" value="A64" />
        <docvar key="mnemonic" value="BFDOT" />
      </docvars>
      <iclassintro count="1"></iclassintro>
      <arch_variants>
        <arch_variant name="ARMv8.6" feature="FEAT_BF16" />
      </arch_variants>
      <regdiagram form="32" psname="BFDOT-Z.ZZZi-_">
        <box hibit="31" width="9" settings="9">
          <c>0</c>
          <c>1</c>
          <c>1</c>
          <c>0</c>
          <c>0</c>
          <c>1</c>
          <c>0</c>
          <c>0</c>
          <c>0</c>
        </box>
        <box hibit="22" name="op" settings="1">
          <c>1</c>
        </box>
        <box hibit="21" settings="1">
          <c>1</c>
        </box>
        <box hibit="20" width="2" name="i2" usename="1">
          <c colspan="2"></c>
        </box>
        <box hibit="18" width="3" name="Zm" usename="1">
          <c colspan="3"></c>
        </box>
        <box hibit="15" width="4" settings="4">
          <c>0</c>
          <c>1</c>
          <c>0</c>
          <c>0</c>
        </box>
        <box hibit="11" name="opc2&lt;1&gt;" settings="1">
          <c>0</c>
        </box>
        <box hibit="10" name="opc2&lt;0&gt;" settings="1">
          <c>0</c>
        </box>
        <box hibit="9" width="5" name="Zn" usename="1">
          <c colspan="5"></c>
        </box>
        <box hibit="4" width="5" name="Zda" usename="1">
          <c colspan="5"></c>
        </box>
      </regdiagram>
      <encoding name="bfdot_z_zzzi_" oneofinclass="1" oneof="1" label="">
        <docvars>
          <docvar key="instr-class" value="sve" />
          <docvar key="isa" value="A64" />
          <docvar key="mnemonic" value="BFDOT" />
        </docvars>
        <asmtemplate><text>BFDOT   </text><a link="sa_zda" hover="Third source and destination scalable vector register (field &quot;Zda&quot;)">&lt;Zda&gt;</a><text>.S, </text><a link="sa_zn" hover="First source scalable vector register (field &quot;Zn&quot;)">&lt;Zn&gt;</a><text>.H, </text><a link="sa_zm" hover="Second source scalable vector register Z0-Z7 (field &quot;Zm&quot;)">&lt;Zm&gt;</a><text>.H[</text><a link="sa_imm" hover="Immediate index of a group of two 16-bit elements within each 128-bit vector segment [0-3] (field &quot;i2&quot;)">&lt;imm&gt;</a><text>]</text></asmtemplate>
      </encoding>
      <ps_section howmany="1">
        <ps name="BFDOT-Z.ZZZi-_" mylink="BFDOT-Z.ZZZi-_" enclabels="" sections="1" secttype="noheading">
          <pstext mayhavelinks="1" section="Decode" rep_section="decode">if (!<a link="impl-aarch64.HaveSVE.0" file="shared_pseudocode.xml" hover="function: boolean HaveSVE()">HaveSVE</a>() &amp;&amp; !<a link="impl-aarch64.HaveSME.0" file="shared_pseudocode.xml" hover="function: boolean HaveSME()">HaveSME</a>()) || !<a link="impl-shared.HaveBF16Ext.0" file="shared_pseudocode.xml" hover="function: boolean HaveBF16Ext()">HaveBF16Ext</a>() then UNDEFINED;
integer n = <a link="impl-shared.UInt.1" file="shared_pseudocode.xml" hover="function: integer UInt(bits(N) x)">UInt</a>(Zn);
integer m = <a link="impl-shared.UInt.1" file="shared_pseudocode.xml" hover="function: integer UInt(bits(N) x)">UInt</a>(Zm);
integer da = <a link="impl-shared.UInt.1" file="shared_pseudocode.xml" hover="function: integer UInt(bits(N) x)">UInt</a>(Zda);
integer index = <a link="impl-shared.UInt.1" file="shared_pseudocode.xml" hover="function: integer UInt(bits(N) x)">UInt</a>(i2);</pstext>
        </ps>
      </ps_section>
    </iclass>
  </classes>
  <explanations scope="all">
    <explanation enclist="bfdot_z_zzzi_" symboldefcount="1">
      <symbol link="sa_zda">&lt;Zda&gt;</symbol>
      <account encodedin="Zda">
        <intro>
          <para>Is the name of the third source and destination scalable vector register, encoded in the "Zda" field.</para>
        </intro>
      </account>
    </explanation>
    <explanation enclist="bfdot_z_zzzi_" symboldefcount="1">
      <symbol link="sa_zn">&lt;Zn&gt;</symbol>
      <account encodedin="Zn">
        <intro>
          <para>Is the name of the first source scalable vector register, encoded in the "Zn" field.</para>
        </intro>
      </account>
    </explanation>
    <explanation enclist="bfdot_z_zzzi_" symboldefcount="1">
      <symbol link="sa_zm">&lt;Zm&gt;</symbol>
      <account encodedin="Zm">
        <intro>
          <para>Is the name of the second source scalable vector register Z0-Z7, encoded in the "Zm" field.</para>
        </intro>
      </account>
    </explanation>
    <explanation enclist="bfdot_z_zzzi_" symboldefcount="1">
      <symbol link="sa_imm">&lt;imm&gt;</symbol>
      <account encodedin="i2">
        <intro>
          <para>Is the immediate index of a group of two 16-bit elements within each 128-bit vector segment, in the range 0 to 3, encoded in the "i2" field.</para>
        </intro>
      </account>
    </explanation>
  </explanations>
  <ps_section howmany="1">
    <ps name="BFDOT-Z.ZZZi-_" mylink="execute" enclabels="" sections="1" secttype="Operation">
      <pstext mayhavelinks="1" section="Execute" rep_section="execute"><a link="impl-aarch64.CheckSVEEnabled.0" file="shared_pseudocode.xml" hover="function: CheckSVEEnabled()">CheckSVEEnabled</a>();
constant integer VL = <a link="impl-aarch64.CurrentVL.read.none" file="shared_pseudocode.xml" hover="accessor: integer CurrentVL">CurrentVL</a>;
constant integer PL = VL DIV 8;
constant integer elements = VL DIV 32;
constant integer eltspersegment = 128 DIV 32;
bits(VL) operand1 = <a link="impl-aarch64.Z.read.2" file="shared_pseudocode.xml" hover="accessor: bits(width) Z[integer n, integer width]">Z</a>[n, VL];
bits(VL) operand2 = <a link="impl-aarch64.Z.read.2" file="shared_pseudocode.xml" hover="accessor: bits(width) Z[integer n, integer width]">Z</a>[m, VL];
bits(VL) operand3 = <a link="impl-aarch64.Z.read.2" file="shared_pseudocode.xml" hover="accessor: bits(width) Z[integer n, integer width]">Z</a>[da, VL];
bits(VL) result;

for e = 0 to elements-1
    integer segmentbase = e - (e MOD eltspersegment);
    integer s = segmentbase + index;
    bits(16) elt1_a = <a link="impl-shared.Elem.read.3" file="shared_pseudocode.xml" hover="accessor: bits(size) Elem[bits(N) vector, integer e, integer size]">Elem</a>[operand1, 2 * e + 0, 16];
    bits(16) elt1_b = <a link="impl-shared.Elem.read.3" file="shared_pseudocode.xml" hover="accessor: bits(size) Elem[bits(N) vector, integer e, integer size]">Elem</a>[operand1, 2 * e + 1, 16];
    bits(16) elt2_a = <a link="impl-shared.Elem.read.3" file="shared_pseudocode.xml" hover="accessor: bits(size) Elem[bits(N) vector, integer e, integer size]">Elem</a>[operand2, 2 * s + 0, 16];
    bits(16) elt2_b = <a link="impl-shared.Elem.read.3" file="shared_pseudocode.xml" hover="accessor: bits(size) Elem[bits(N) vector, integer e, integer size]">Elem</a>[operand2, 2 * s + 1, 16];
    bits(32) sum = <a link="impl-shared.Elem.read.3" file="shared_pseudocode.xml" hover="accessor: bits(size) Elem[bits(N) vector, integer e, integer size]">Elem</a>[operand3, e, 32];

    sum = <a link="impl-shared.BFDotAdd.6" file="shared_pseudocode.xml" hover="function: bits(N) BFDotAdd(bits(N) addend, bits(N DIV 2) op1_a, bits(N DIV 2) op1_b, bits(N DIV 2) op2_a, bits(N DIV 2) op2_b, FPCR_Type fpcr_in)">BFDotAdd</a>(sum, elt1_a, elt1_b, elt2_a, elt2_b, FPCR);
    <a link="impl-shared.Elem.write.3" file="shared_pseudocode.xml" hover="accessor: Elem[bits(N) &amp;vector, integer e, integer size] = bits(size) value">Elem</a>[result, e, 32] = sum;

<a link="impl-aarch64.Z.write.2" file="shared_pseudocode.xml" hover="accessor: Z[integer n, integer width] = bits(width) value">Z</a>[da, VL] = result;</pstext>
    </ps>
  </ps_section>
</instructionsection>
