<?xml version="1.0" encoding="utf-8"?>
<?xml-stylesheet type="text/xsl" encoding="UTF-8" href="iform.xsl" version="1.0"?>
<!DOCTYPE instructionsection PUBLIC "-//ARM//DTD instructionsection //EN" "iform-p.dtd">
<!-- Copyright (c) 2010-2023 Arm Limited or its affiliates. All rights reserved. -->
<!-- This document is Non-Confidential. This document may only be used and distributed in accordance with the terms of the agreement entered into by Arm and the party that Arm delivered this document to. -->

<instructionsection id="BFMLAL_advsimd_vec" title="BFMLALB, BFMLALT (vector) -- A64" type="instruction">
  <docvars>
    <docvar key="advsimd-type" value="simd"/>
    <docvar key="instr-class" value="advsimd"/>
    <docvar key="isa" value="A64"/>
    <docvar key="mnemonic" value="BFMLAL"/>
  </docvars>
  <heading>BFMLALB, BFMLALT (vector)</heading>
  <desc>
    <brief>
      <para>BFloat16 floating-point widening multiply-add long (vector)</para>
    </brief>
    <authored>
      <para>BFloat16 floating-point widening multiply-add long (vector) widens the even-numbered (bottom) or
odd-numbered (top) 16-bit elements in the first and second source vectors from Bfloat16 to single-precision format.
The instruction then multiplies and adds these values without intermediate rounding to the
single-precision elements of the destination vector that overlap with the corresponding BFloat16
elements in the source vectors.</para>
      <para><register_link id="AArch64-id_aa64isar1_el1.xml" state="AArch64">ID_AA64ISAR1_EL1</register_link>.BF16 indicates whether this instruction is supported.</para>
    </authored>
  </desc>
  <alias_list howmany="0"/>
  <classes>
    <iclass name="Vector" oneof="1" id="iclass_vector" no_encodings="1" isa="A64">
      <docvars>
        <docvar key="advsimd-type" value="simd"/>
        <docvar key="instr-class" value="advsimd"/>
        <docvar key="isa" value="A64"/>
        <docvar key="mnemonic" value="BFMLAL"/>
      </docvars>
      <iclassintro count="1"/>
      <arch_variants>
        <arch_variant feature="FEAT_BF16" name="ARMv8.6"/>
      </arch_variants>
      <regdiagram form="32" psname="A64.simd_dp.asimdsame2.BFMLAL_asimdsame2_F_" tworows="1">
        <box hibit="31" width="1" settings="1">
          <c>0</c>
        </box>
        <box hibit="30" width="1" name="Q" usename="1">
          <c colspan="1"/>
        </box>
        <box hibit="29" name="U" usename="1" settings="1" psbits="x">
          <c>1</c>
        </box>
        <box hibit="28" width="5" settings="5">
          <c>0</c>
          <c>1</c>
          <c>1</c>
          <c>1</c>
          <c>0</c>
        </box>
        <box hibit="23" width="2" name="size" usename="1" settings="2" psbits="xx">
          <c>1</c>
          <c>1</c>
        </box>
        <box hibit="21" width="1" settings="1">
          <c>0</c>
        </box>
        <box hibit="20" width="5" name="Rm" usename="1">
          <c colspan="5"/>
        </box>
        <box hibit="15" width="1" settings="1">
          <c>1</c>
        </box>
        <box hibit="14" width="4" name="opcode" usename="1" settings="4" psbits="xxxx">
          <c>1</c>
          <c>1</c>
          <c>1</c>
          <c>1</c>
        </box>
        <box hibit="10" width="1" settings="1">
          <c>1</c>
        </box>
        <box hibit="9" width="5" name="Rn" usename="1">
          <c colspan="5"/>
        </box>
        <box hibit="4" width="5" name="Rd" usename="1">
          <c colspan="5"/>
        </box>
      </regdiagram>
      <encoding name="BFMLAL_asimdsame2_F_" oneofinclass="1" oneof="1" label="">
        <docvars>
          <docvar key="isa" value="A64"/>
          <docvar key="mnemonic" value="BFMLAL"/>
          <docvar key="advsimd-type" value="simd"/>
          <docvar key="instr-class" value="advsimd"/>
        </docvars>
        <asmtemplate><text>BFMLAL</text><a hover="Is the bottom or top element specifier, " link="bt_option">&lt;bt&gt;</a><text>  </text><a hover="Is the name of the SIMD&amp;amp;FP destination register, encoded in the &quot;Rd&quot; field." link="Vd">&lt;Vd&gt;</a><text>.4S, </text><a hover="Is the name of the first SIMD&amp;amp;FP source register, encoded in the &quot;Rn&quot; field." link="Vn__2">&lt;Vn&gt;</a><text>.8H, </text><a hover="Is the name of the second SIMD&amp;amp;FP source register, encoded in the &quot;Rm&quot; field." link="Vm">&lt;Vm&gt;</a><text>.8H</text></asmtemplate>
      </encoding>
      <ps_section howmany="1">
        <ps name="A64.simd_dp.asimdsame2.BFMLAL_asimdsame2_F_" sections="1" secttype="noheading">
          <pstext mayhavelinks="1" section="Decode" rep_section="decode">if !IsFeatureImplemented(FEAT_BF16) then UNDEFINED;
integer d = <a link="impl-shared.UInt.1" file="shared_pseudocode.xml" hover="function: integer UInt(bits(N) x)">UInt</a>(Rd);
integer n = <a link="impl-shared.UInt.1" file="shared_pseudocode.xml" hover="function: integer UInt(bits(N) x)">UInt</a>(Rn);
integer m = <a link="impl-shared.UInt.1" file="shared_pseudocode.xml" hover="function: integer UInt(bits(N) x)">UInt</a>(Rm);

integer elements = 128 DIV 32;
integer sel = <a link="impl-shared.UInt.1" file="shared_pseudocode.xml" hover="function: integer UInt(bits(N) x)">UInt</a>(Q);</pstext>
        </ps>
      </ps_section>
    </iclass>
  </classes>
  <explanations scope="all">
    <explanation enclist="BFMLAL_asimdsame2_F_" symboldefcount="1">
      <symbol link="bt_option">&lt;bt&gt;</symbol>
      <definition encodedin="Q">
        <intro>Is the bottom or top element specifier, </intro>
        <table class="valuetable">
          <tgroup cols="2">
            <thead>
              <row>
                <entry class="bitfield">Q</entry>
                <entry class="symbol">&lt;bt&gt;</entry>
              </row>
            </thead>
            <tbody>
              <row>
                <entry class="bitfield">0</entry>
                <entry class="symbol">B</entry>
              </row>
              <row>
                <entry class="bitfield">1</entry>
                <entry class="symbol">T</entry>
              </row>
            </tbody>
          </tgroup>
        </table>
      </definition>
    </explanation>
    <explanation enclist="BFMLAL_asimdsame2_F_" symboldefcount="1">
      <symbol link="Vd">&lt;Vd&gt;</symbol>
      <account encodedin="Rd">
        <intro>
          <para>Is the name of the SIMD&amp;FP destination register, encoded in the "Rd" field.</para>
        </intro>
      </account>
    </explanation>
    <explanation enclist="BFMLAL_asimdsame2_F_" symboldefcount="1">
      <symbol link="Vn__2">&lt;Vn&gt;</symbol>
      <account encodedin="Rn">
        <intro>
          <para>Is the name of the first SIMD&amp;FP source register, encoded in the "Rn" field.</para>
        </intro>
      </account>
    </explanation>
    <explanation enclist="BFMLAL_asimdsame2_F_" symboldefcount="1">
      <symbol link="Vm">&lt;Vm&gt;</symbol>
      <account encodedin="Rm">
        <intro>
          <para>Is the name of the second SIMD&amp;FP source register, encoded in the "Rm" field.</para>
        </intro>
      </account>
    </explanation>
  </explanations>
  <ps_section howmany="1">
    <ps name="A64.simd_dp.asimdsame2.BFMLAL_asimdsame2_F_" sections="1" secttype="Operation">
      <pstext mayhavelinks="1" section="Execute" rep_section="execute"><a link="impl-aarch64.CheckFPAdvSIMDEnabled64.0" file="shared_pseudocode.xml" hover="function: CheckFPAdvSIMDEnabled64()">CheckFPAdvSIMDEnabled64</a>();
bits(128) operand1 = <a link="impl-aarch64.V.read.2" file="shared_pseudocode.xml" hover="accessor: bits(width) V[integer n, integer width]">V</a>[n, 128];
bits(128) operand2 = <a link="impl-aarch64.V.read.2" file="shared_pseudocode.xml" hover="accessor: bits(width) V[integer n, integer width]">V</a>[m, 128];
bits(128) operand3 = <a link="impl-aarch64.V.read.2" file="shared_pseudocode.xml" hover="accessor: bits(width) V[integer n, integer width]">V</a>[d, 128];
bits(128) result;

for e = 0 to elements-1
    bits(16) element1 = <a link="impl-shared.Elem.read.3" file="shared_pseudocode.xml" hover="accessor: bits(size) Elem[bits(N) vector, integer e, integer size]">Elem</a>[operand1, 2*e+sel, 16];
    bits(16) element2 = <a link="impl-shared.Elem.read.3" file="shared_pseudocode.xml" hover="accessor: bits(size) Elem[bits(N) vector, integer e, integer size]">Elem</a>[operand2, 2*e+sel, 16];
    bits(32) addend = <a link="impl-shared.Elem.read.3" file="shared_pseudocode.xml" hover="accessor: bits(size) Elem[bits(N) vector, integer e, integer size]">Elem</a>[operand3, e, 32];
    <a link="impl-shared.Elem.write.3" file="shared_pseudocode.xml" hover="accessor: Elem[bits(N) &amp;vector, integer e, integer size] = bits(size) value">Elem</a>[result, e, 32] = <a link="impl-shared.BFMulAddH.4" file="shared_pseudocode.xml" hover="function: bits(N) BFMulAddH(bits(N) addend, bits(N DIV 2) op1, bits(N DIV 2) op2, FPCR_Type fpcr_in)">BFMulAddH</a>(addend, element1, element2, FPCR);

<a link="impl-aarch64.V.write.2" file="shared_pseudocode.xml" hover="accessor: V[integer n, integer width] = bits(width) value">V</a>[d, 128] = result;</pstext>
    </ps>
  </ps_section>
</instructionsection>

