<?xml version="1.0" encoding="utf-8"?>
<?xml-stylesheet type="text/xsl" encoding="UTF-8" href="iform.xsl" version="1.0"?>
<!DOCTYPE instructionsection PUBLIC "-//ARM//DTD instructionsection //EN" "iform-p.dtd">
<!-- Copyright (c) 2010-2023 Arm Limited or its affiliates. All rights reserved. -->
<!-- This document is Non-Confidential. This document may only be used and distributed in accordance with the terms of the agreement entered into by Arm and the party that Arm delivered this document to. -->

<instructionsection id="bfmlalt_z_zzzi" title="BFMLALT (indexed)" type="instruction">
  <docvars>
    <docvar key="instr-class" value="sve" />
    <docvar key="isa" value="A64" />
    <docvar key="mnemonic" value="BFMLALT" />
  </docvars>
  <heading>BFMLALT (indexed)</heading>
  <desc>
    <brief>BFloat16 floating-point multiply-add long to single-precision (top, indexed)</brief>
    <description>
      <para>This BFloat16 floating-point multiply-add long instruction widens the odd-numbered BFloat16 elements in the first source vector and the indexed element from the corresponding 128-bit segment in the second source vector to single-precision format and then destructively multiplies and adds these values without intermediate rounding to the single-precision elements of the destination vector that overlap with the corresponding BFloat16 elements in the first source vector. This instruction is unpredicated.</para>
      <para>ID_AA64ZFR0_EL1.BF16 indicates whether this instruction is implemented.</para>
    </description>
    <status>Green</status>
    <predicated>False</predicated>
    <takes_movprfx>True</takes_movprfx>
  </desc>
  <alias_list howmany="0"></alias_list>
  <classes>
    <iclass name="SVE" oneof="1" id="iclass_sve" no_encodings="1" isa="A64">
      <docvars>
        <docvar key="instr-class" value="sve" />
        <docvar key="isa" value="A64" />
        <docvar key="mnemonic" value="BFMLALT" />
      </docvars>
      <iclassintro count="1"></iclassintro>
      <arch_variants>
        <arch_variant name="ARMv8.6" feature="FEAT_BF16" />
      </arch_variants>
      <regdiagram form="32" psname="BFMLALT-Z.ZZZi-_" tworows="1">
        <box hibit="31" width="9" settings="9">
          <c>0</c>
          <c>1</c>
          <c>1</c>
          <c>0</c>
          <c>0</c>
          <c>1</c>
          <c>0</c>
          <c>0</c>
          <c>1</c>
        </box>
        <box hibit="22" name="o2" usename="1" settings="1">
          <c>1</c>
        </box>
        <box hibit="21" settings="1">
          <c>1</c>
        </box>
        <box hibit="20" width="2" name="i3h" usename="1">
          <c colspan="2"></c>
        </box>
        <box hibit="18" width="3" name="Zm" usename="1">
          <c colspan="3"></c>
        </box>
        <box hibit="15" width="2" settings="2">
          <c>0</c>
          <c>1</c>
        </box>
        <box hibit="13" name="op" usename="1" settings="1">
          <c>0</c>
        </box>
        <box hibit="12" settings="1">
          <c>0</c>
        </box>
        <box hibit="11" name="i3l" usename="1">
          <c></c>
        </box>
        <box hibit="10" name="T" usename="1" settings="1">
          <c>1</c>
        </box>
        <box hibit="9" width="5" name="Zn" usename="1">
          <c colspan="5"></c>
        </box>
        <box hibit="4" width="5" name="Zda" usename="1">
          <c colspan="5"></c>
        </box>
      </regdiagram>
      <encoding name="bfmlalt_z_zzzi_" oneofinclass="1" oneof="1" label="">
        <docvars>
          <docvar key="instr-class" value="sve" />
          <docvar key="isa" value="A64" />
          <docvar key="mnemonic" value="BFMLALT" />
        </docvars>
        <asmtemplate><text>BFMLALT </text><a link="sa_zda" hover="Third source and destination scalable vector register (field &quot;Zda&quot;)">&lt;Zda&gt;</a><text>.S, </text><a link="sa_zn" hover="First source scalable vector register (field &quot;Zn&quot;)">&lt;Zn&gt;</a><text>.H, </text><a link="sa_zm" hover="Second source scalable vector register Z0-Z7 (field &quot;Zm&quot;)">&lt;Zm&gt;</a><text>.H[</text><a link="sa_imm" hover="Immediate index [0-7] (field &quot;i3h:i3l&quot;)">&lt;imm&gt;</a><text>]</text></asmtemplate>
      </encoding>
      <ps_section howmany="1">
        <ps name="BFMLALT-Z.ZZZi-_" mylink="BFMLALT-Z.ZZZi-_" enclabels="" sections="1" secttype="noheading">
          <pstext mayhavelinks="1" section="Decode" rep_section="decode">if (!<a link="impl-aarch64.HaveSVE.0" file="shared_pseudocode.xml" hover="function: boolean HaveSVE()">HaveSVE</a>() &amp;&amp; !<a link="impl-aarch64.HaveSME.0" file="shared_pseudocode.xml" hover="function: boolean HaveSME()">HaveSME</a>()) || !<a link="impl-shared.HaveBF16Ext.0" file="shared_pseudocode.xml" hover="function: boolean HaveBF16Ext()">HaveBF16Ext</a>() then UNDEFINED;
integer n = <a link="impl-shared.UInt.1" file="shared_pseudocode.xml" hover="function: integer UInt(bits(N) x)">UInt</a>(Zn);
integer m = <a link="impl-shared.UInt.1" file="shared_pseudocode.xml" hover="function: integer UInt(bits(N) x)">UInt</a>(Zm);
integer da = <a link="impl-shared.UInt.1" file="shared_pseudocode.xml" hover="function: integer UInt(bits(N) x)">UInt</a>(Zda);
integer index = <a link="impl-shared.UInt.1" file="shared_pseudocode.xml" hover="function: integer UInt(bits(N) x)">UInt</a>(i3h:i3l);</pstext>
        </ps>
      </ps_section>
    </iclass>
  </classes>
  <explanations scope="all">
    <explanation enclist="bfmlalt_z_zzzi_" symboldefcount="1">
      <symbol link="sa_zda">&lt;Zda&gt;</symbol>
      <account encodedin="Zda">
        <intro>
          <para>Is the name of the third source and destination scalable vector register, encoded in the "Zda" field.</para>
        </intro>
      </account>
    </explanation>
    <explanation enclist="bfmlalt_z_zzzi_" symboldefcount="1">
      <symbol link="sa_zn">&lt;Zn&gt;</symbol>
      <account encodedin="Zn">
        <intro>
          <para>Is the name of the first source scalable vector register, encoded in the "Zn" field.</para>
        </intro>
      </account>
    </explanation>
    <explanation enclist="bfmlalt_z_zzzi_" symboldefcount="1">
      <symbol link="sa_zm">&lt;Zm&gt;</symbol>
      <account encodedin="Zm">
        <intro>
          <para>Is the name of the second source scalable vector register Z0-Z7, encoded in the "Zm" field.</para>
        </intro>
      </account>
    </explanation>
    <explanation enclist="bfmlalt_z_zzzi_" symboldefcount="1">
      <symbol link="sa_imm">&lt;imm&gt;</symbol>
      <account encodedin="i3h:i3l">
        <intro>
          <para>Is the immediate index, in the range 0 to 7, encoded in the "i3h:i3l" fields.</para>
        </intro>
      </account>
    </explanation>
  </explanations>
  <ps_section howmany="1">
    <ps name="BFMLALT-Z.ZZZi-_" mylink="execute" enclabels="" sections="1" secttype="Operation">
      <pstext mayhavelinks="1" section="Execute" rep_section="execute"><a link="impl-aarch64.CheckSVEEnabled.0" file="shared_pseudocode.xml" hover="function: CheckSVEEnabled()">CheckSVEEnabled</a>();
constant integer VL = <a link="impl-aarch64.CurrentVL.read.none" file="shared_pseudocode.xml" hover="accessor: integer CurrentVL">CurrentVL</a>;
constant integer PL = VL DIV 8;
constant integer elements = VL DIV 32;
constant integer eltspersegment = 128 DIV 32;
bits(VL) operand1 = <a link="impl-aarch64.Z.read.2" file="shared_pseudocode.xml" hover="accessor: bits(width) Z[integer n, integer width]">Z</a>[n, VL];
bits(VL) operand2 = <a link="impl-aarch64.Z.read.2" file="shared_pseudocode.xml" hover="accessor: bits(width) Z[integer n, integer width]">Z</a>[m, VL];
bits(VL) operand3 = <a link="impl-aarch64.Z.read.2" file="shared_pseudocode.xml" hover="accessor: bits(width) Z[integer n, integer width]">Z</a>[da, VL];
bits(VL) result;

for e = 0 to elements-1
    integer segmentbase = e - (e MOD eltspersegment);
    integer s = 2 * segmentbase + index;
    bits(16) element1 = <a link="impl-shared.Elem.read.3" file="shared_pseudocode.xml" hover="accessor: bits(size) Elem[bits(N) vector, integer e, integer size]">Elem</a>[operand1, 2 * e + 1, 16];
    bits(16) element2 = <a link="impl-shared.Elem.read.3" file="shared_pseudocode.xml" hover="accessor: bits(size) Elem[bits(N) vector, integer e, integer size]">Elem</a>[operand2, s, 16];
    bits(32) element3 = <a link="impl-shared.Elem.read.3" file="shared_pseudocode.xml" hover="accessor: bits(size) Elem[bits(N) vector, integer e, integer size]">Elem</a>[operand3, e, 32];
    <a link="impl-shared.Elem.write.3" file="shared_pseudocode.xml" hover="accessor: Elem[bits(N) &amp;vector, integer e, integer size] = bits(size) value">Elem</a>[result, e, 32] = <a link="impl-shared.BFMulAddH.4" file="shared_pseudocode.xml" hover="function: bits(N) BFMulAddH(bits(N) addend, bits(N DIV 2) op1, bits(N DIV 2) op2, FPCR_Type fpcr_in)">BFMulAddH</a>(element3, element1, element2, FPCR);

<a link="impl-aarch64.Z.write.2" file="shared_pseudocode.xml" hover="accessor: Z[integer n, integer width] = bits(width) value">Z</a>[da, VL] = result;</pstext>
    </ps>
  </ps_section>
</instructionsection>
