<?xml version="1.0" encoding="utf-8"?>
<?xml-stylesheet type="text/xsl" encoding="UTF-8" href="iform.xsl" version="1.0"?>
<!DOCTYPE instructionsection PUBLIC "-//ARM//DTD instructionsection //EN" "iform-p.dtd">
<!-- Copyright (c) 2010-2023 Arm Limited or its affiliates. All rights reserved. -->
<!-- This document is Non-Confidential. This document may only be used and distributed in accordance with the terms of the agreement entered into by Arm and the party that Arm delivered this document to. -->

<instructionsection id="BFMMLA_advsimd" title="BFMMLA -- A64" type="instruction">
  <docvars>
    <docvar key="advsimd-type" value="simd"/>
    <docvar key="instr-class" value="advsimd"/>
    <docvar key="isa" value="A64"/>
    <docvar key="mnemonic" value="BFMMLA"/>
  </docvars>
  <heading>BFMMLA</heading>
  <desc>
    <brief>
      <para>BFloat16 floating-point matrix multiply-accumulate into 2x2 matrix</para>
    </brief>
    <authored>
      <para>BFloat16 floating-point matrix multiply-accumulate into 2x2 matrix.</para>
      <para>If FEAT_EBF16 is not implemented or <register_link id="AArch64-fpcr.xml" state="AArch64">FPCR</register_link>.EBF is 0,
this instruction:</para>
      <list type="unordered">
        <listitem>
          <content>Performs two unfused sums-of-products within each two pairs of
  adjacent BFloat16 elements while multiplying the 2x4
  matrix of BFloat16 values in the first source vector with the
  4x2 matrix of BFloat16 values in the second source vector. The
  intermediate single-precision products are rounded before they
  are summed and the intermediate sum is rounded before accumulation
  into the 2x2 single-precision matrix in the destination vector.
  This is equivalent to accumulating two 2-way unfused dot products
  per destination element.</content>
        </listitem>
        <listitem>
          <content>Uses the non-IEEE 754 Round-to-Odd rounding mode, which forces bit 0
  of an inexact result to 1, and rounds an overflow to an
  appropriately signed Infinity.</content>
        </listitem>
        <listitem>
          <content>Flushes denormalized inputs and results to zero, as if
  <register_link id="AArch64-fpcr.xml" state="AArch64">FPCR</register_link>.{FZ, FIZ} is {1, 1}.</content>
        </listitem>
        <listitem>
          <content>Disables alternative floating point behaviors, as if
  <register_link id="AArch64-fpcr.xml" state="AArch64">FPCR</register_link>.AH is 0.</content>
        </listitem>
      </list>
      <para>If FEAT_EBF16 is implemented and <register_link id="AArch64-fpcr.xml" state="AArch64">FPCR</register_link>.EBF is 1,
then this instruction:</para>
      <list type="unordered">
        <listitem>
          <content>Performs two fused sums-of-products within each two pairs of
  adjacent BFloat16 elements while multiplying the 2x4
  matrix of BFloat16 values in the first source vector with the
  4x2 matrix of BFloat16 values in the second source vector. The
  intermediate single-precision products are not rounded before they
  are summed, but the intermediate sum is rounded before accumulation
  into the 2x2 single-precision matrix in the destination vector.
  This is equivalent to accumulating two 2-way fused dot products
  per destination element.</content>
        </listitem>
        <listitem>
          <content>Follows all other floating-point behaviors that apply to
  single-precision arithmetic, as governed by <register_link id="AArch64-fpcr.xml" state="AArch64">FPCR</register_link>.RMode,
  <register_link id="AArch64-fpcr.xml" state="AArch64">FPCR</register_link>.FZ, <register_link id="AArch64-fpcr.xml" state="AArch64">FPCR</register_link>.AH, and
  <register_link id="AArch64-fpcr.xml" state="AArch64">FPCR</register_link>.FIZ.</content>
        </listitem>
      </list>
      <para>Irrespective of FEAT_EBF16 and <register_link id="AArch64-fpcr.xml" state="AArch64">FPCR</register_link>.EBF, this instruction:</para>
      <list type="unordered">
        <listitem>
          <content>Does not modify the cumulative <register_link id="AArch64-fpsr.xml" state="AArch64">FPSR</register_link>
  exception bits (IDC, IXC, UFC, OFC, DZC, and IOC).</content>
        </listitem>
        <listitem>
          <content>Disables trapped floating-point exceptions, as if the
  <register_link id="AArch64-fpcr.xml" state="AArch64">FPCR</register_link> trap enable bits
  (IDE, IXE, UFE, OFE, DZE, and IOE) are all zero.</content>
        </listitem>
        <listitem>
          <content>Generates only the default NaN, as if <register_link id="AArch64-fpcr.xml" state="AArch64">FPCR</register_link>.DN
  is 1.</content>
        </listitem>
      </list>
      <para><register_link id="AArch64-id_aa64isar1_el1.xml" state="AArch64">ID_AA64ISAR1_EL1</register_link>.BF16 indicates whether this instruction is supported.</para>
    </authored>
  </desc>
  <operationalnotes>
    <para>Arm expects that the BFMMLA instruction will deliver a peak BFloat16 multiply throughput that is at
least as high as can be achieved using two BFDOT (vector) instructions, with a goal that it should have
significantly higher throughput.</para>
  </operationalnotes>
  <alias_list howmany="0"/>
  <classes>
    <iclass name="Vector" oneof="1" id="iclass_vector" no_encodings="1" isa="A64">
      <docvars>
        <docvar key="advsimd-type" value="simd"/>
        <docvar key="instr-class" value="advsimd"/>
        <docvar key="isa" value="A64"/>
        <docvar key="mnemonic" value="BFMMLA"/>
      </docvars>
      <iclassintro count="1"/>
      <arch_variants>
        <arch_variant feature="FEAT_BF16" name="ARMv8.6"/>
      </arch_variants>
      <regdiagram form="32" psname="A64.simd_dp.asimdsame2.BFMMLA_asimdsame2_E" tworows="1">
        <box hibit="31" width="1" settings="1">
          <c>0</c>
        </box>
        <box hibit="30" name="Q" usename="1" settings="1" psbits="x">
          <c>1</c>
        </box>
        <box hibit="29" name="U" usename="1" settings="1" psbits="x">
          <c>1</c>
        </box>
        <box hibit="28" width="5" settings="5">
          <c>0</c>
          <c>1</c>
          <c>1</c>
          <c>1</c>
          <c>0</c>
        </box>
        <box hibit="23" width="2" name="size" usename="1" settings="2" psbits="xx">
          <c>0</c>
          <c>1</c>
        </box>
        <box hibit="21" width="1" settings="1">
          <c>0</c>
        </box>
        <box hibit="20" width="5" name="Rm" usename="1">
          <c colspan="5"/>
        </box>
        <box hibit="15" width="1" settings="1">
          <c>1</c>
        </box>
        <box hibit="14" width="4" name="opcode" usename="1" settings="4" psbits="xxxx">
          <c>1</c>
          <c>1</c>
          <c>0</c>
          <c>1</c>
        </box>
        <box hibit="10" width="1" settings="1">
          <c>1</c>
        </box>
        <box hibit="9" width="5" name="Rn" usename="1">
          <c colspan="5"/>
        </box>
        <box hibit="4" width="5" name="Rd" usename="1">
          <c colspan="5"/>
        </box>
      </regdiagram>
      <encoding name="BFMMLA_asimdsame2_E" oneofinclass="1" oneof="1" label="">
        <docvars>
          <docvar key="isa" value="A64"/>
          <docvar key="mnemonic" value="BFMMLA"/>
          <docvar key="instr-class" value="advsimd"/>
          <docvar key="advsimd-type" value="simd"/>
        </docvars>
        <asmtemplate><text>BFMMLA  </text><a hover="Is the name of the SIMD&amp;amp;FP third source and destination register, encoded in the &quot;Rd&quot; field." link="Vd__3">&lt;Vd&gt;</a><text>.4S, </text><a hover="Is the name of the first SIMD&amp;amp;FP source register, encoded in the &quot;Rn&quot; field." link="Vn__2">&lt;Vn&gt;</a><text>.8H, </text><a hover="Is the name of the second SIMD&amp;amp;FP source register, encoded in the &quot;Rm&quot; field." link="Vm">&lt;Vm&gt;</a><text>.8H</text></asmtemplate>
      </encoding>
      <ps_section howmany="1">
        <ps name="A64.simd_dp.asimdsame2.BFMMLA_asimdsame2_E" sections="1" secttype="noheading">
          <pstext mayhavelinks="1" section="Decode" rep_section="decode">if !IsFeatureImplemented(FEAT_BF16) then UNDEFINED;
integer n = <a link="impl-shared.UInt.1" file="shared_pseudocode.xml" hover="function: integer UInt(bits(N) x)">UInt</a>(Rn);
integer m = <a link="impl-shared.UInt.1" file="shared_pseudocode.xml" hover="function: integer UInt(bits(N) x)">UInt</a>(Rm);
integer d = <a link="impl-shared.UInt.1" file="shared_pseudocode.xml" hover="function: integer UInt(bits(N) x)">UInt</a>(Rd);</pstext>
        </ps>
      </ps_section>
    </iclass>
  </classes>
  <explanations scope="all">
    <explanation enclist="BFMMLA_asimdsame2_E" symboldefcount="1">
      <symbol link="Vd__3">&lt;Vd&gt;</symbol>
      <account encodedin="Rd">
        <intro>
          <para>Is the name of the SIMD&amp;FP third source and destination register, encoded in the "Rd" field.</para>
        </intro>
      </account>
    </explanation>
    <explanation enclist="BFMMLA_asimdsame2_E" symboldefcount="1">
      <symbol link="Vn__2">&lt;Vn&gt;</symbol>
      <account encodedin="Rn">
        <intro>
          <para>Is the name of the first SIMD&amp;FP source register, encoded in the "Rn" field.</para>
        </intro>
      </account>
    </explanation>
    <explanation enclist="BFMMLA_asimdsame2_E" symboldefcount="1">
      <symbol link="Vm">&lt;Vm&gt;</symbol>
      <account encodedin="Rm">
        <intro>
          <para>Is the name of the second SIMD&amp;FP source register, encoded in the "Rm" field.</para>
        </intro>
      </account>
    </explanation>
  </explanations>
  <ps_section howmany="1">
    <ps name="A64.simd_dp.asimdsame2.BFMMLA_asimdsame2_E" sections="1" secttype="Operation">
      <pstext mayhavelinks="1" section="Execute" rep_section="execute"><a link="impl-aarch64.CheckFPAdvSIMDEnabled64.0" file="shared_pseudocode.xml" hover="function: CheckFPAdvSIMDEnabled64()">CheckFPAdvSIMDEnabled64</a>();
bits(128) op1 = <a link="impl-aarch64.V.read.2" file="shared_pseudocode.xml" hover="accessor: bits(width) V[integer n, integer width]">V</a>[n, 128];
bits(128) op2 = <a link="impl-aarch64.V.read.2" file="shared_pseudocode.xml" hover="accessor: bits(width) V[integer n, integer width]">V</a>[m, 128];
bits(128) acc = <a link="impl-aarch64.V.read.2" file="shared_pseudocode.xml" hover="accessor: bits(width) V[integer n, integer width]">V</a>[d, 128];

<a link="impl-aarch64.V.write.2" file="shared_pseudocode.xml" hover="accessor: V[integer n, integer width] = bits(width) value">V</a>[d, 128] = <a link="impl-shared.BFMatMulAdd.4" file="shared_pseudocode.xml" hover="function: bits(N) BFMatMulAdd(bits(N) addend, bits(N) op1, bits(N) op2, FPCR_Type fpcr)">BFMatMulAdd</a>(acc, op1, op2, FPCR);</pstext>
    </ps>
  </ps_section>
</instructionsection>

