<?xml version="1.0" encoding="utf-8"?>
<?xml-stylesheet type="text/xsl" encoding="UTF-8" href="iform.xsl" version="1.0"?>
<!DOCTYPE instructionsection PUBLIC "-//ARM//DTD instructionsection //EN" "iform-p.dtd">
<!-- Copyright (c) 2010-2023 Arm Limited or its affiliates. All rights reserved. -->
<!-- This document is Non-Confidential. This document may only be used and distributed in accordance with the terms of the agreement entered into by Arm and the party that Arm delivered this document to. -->

<instructionsection id="BR" title="BR -- A64" type="instruction">
  <docvars>
    <docvar key="instr-class" value="general"/>
    <docvar key="isa" value="A64"/>
    <docvar key="mnemonic" value="BR"/>
  </docvars>
  <heading>BR</heading>
  <desc>
    <brief>
      <para>Branch to Register</para>
    </brief>
    <authored>
      <para>Branch to Register branches unconditionally to an address in a register, with a hint that this is not a subroutine return.</para>
    </authored>
  </desc>
  <alias_list howmany="0"/>
  <classes>
    <iclass name="Integer" oneof="1" id="iclass_integer" no_encodings="1" isa="A64">
      <docvars>
        <docvar key="instr-class" value="general"/>
        <docvar key="isa" value="A64"/>
        <docvar key="mnemonic" value="BR"/>
      </docvars>
      <iclassintro count="1"/>
      <regdiagram form="32" psname="A64.control.branch_reg.BR_64_branch_reg" tworows="1">
        <box hibit="31" width="7" settings="7">
          <c>1</c>
          <c>1</c>
          <c>0</c>
          <c>1</c>
          <c>0</c>
          <c>1</c>
          <c>1</c>
        </box>
        <box hibit="24" name="Z" usename="1" settings="1" psbits="x">
          <c>0</c>
        </box>
        <box hibit="23" width="1" settings="1">
          <c>0</c>
        </box>
        <box hibit="22" width="2" name="op" usename="1" settings="2" psbits="xx">
          <c>0</c>
          <c>0</c>
        </box>
        <box hibit="20" width="5" name="op2" usename="1" settings="5" psbits="xxxxx">
          <c>1</c>
          <c>1</c>
          <c>1</c>
          <c>1</c>
          <c>1</c>
        </box>
        <box hibit="15" width="4" settings="4">
          <c>0</c>
          <c>0</c>
          <c>0</c>
          <c>0</c>
        </box>
        <box hibit="11" name="A" usename="1" settings="1" psbits="x">
          <c>0</c>
        </box>
        <box hibit="10" name="M" usename="1" settings="1" psbits="x">
          <c>0</c>
        </box>
        <box hibit="9" width="5" name="Rn" usename="1">
          <c colspan="5"/>
        </box>
        <box hibit="4" width="5" name="Rm" usename="1" settings="5" psbits="xxxxx">
          <c>0</c>
          <c>0</c>
          <c>0</c>
          <c>0</c>
          <c>0</c>
        </box>
      </regdiagram>
      <encoding name="BR_64_branch_reg" oneofinclass="1" oneof="1" label="">
        <docvars>
          <docvar key="isa" value="A64"/>
          <docvar key="mnemonic" value="BR"/>
          <docvar key="instr-class" value="general"/>
        </docvars>
        <asmtemplate><text>BR  </text><a hover="Is the 64-bit name of the general-purpose register holding the address to be branched to, encoded in the &quot;Rn&quot; field." link="XnOrXZR">&lt;Xn&gt;</a></asmtemplate>
      </encoding>
      <ps_section howmany="1">
        <ps name="A64.control.branch_reg.BR_64_branch_reg" sections="1" secttype="noheading">
          <pstext mayhavelinks="1" section="Decode" rep_section="decode">integer n = <a link="impl-shared.UInt.1" file="shared_pseudocode.xml" hover="function: integer UInt(bits(N) x)">UInt</a>(Rn);</pstext>
        </ps>
      </ps_section>
    </iclass>
  </classes>
  <explanations scope="all">
    <explanation enclist="BR_64_branch_reg" symboldefcount="1">
      <symbol link="XnOrXZR">&lt;Xn&gt;</symbol>
      <account encodedin="Rn">
        <intro>
          <para>Is the 64-bit name of the general-purpose register holding the address to be branched to, encoded in the "Rn" field.</para>
        </intro>
      </account>
    </explanation>
  </explanations>
  <ps_section howmany="1">
    <ps name="A64.control.branch_reg.BR_64_branch_reg" sections="1" secttype="Operation">
      <pstext mayhavelinks="1" section="Execute" rep_section="execute">bits(64) target = <a link="impl-aarch64.X.read.2" file="shared_pseudocode.xml" hover="accessor: bits(width) X[integer n, integer width]">X</a>[n, 64];

// Value in BTypeNext will be used to set PSTATE.BTYPE
if InGuardedPage then
    if n == 16 || n == 17 then
        BTypeNext = '01';
    else
        BTypeNext = '11';
else
    BTypeNext = '01';
<a link="impl-shared.BranchTo.3" file="shared_pseudocode.xml" hover="function: BranchTo(bits(N) target, BranchType branch_type, boolean branch_conditional)">BranchTo</a>(target, <a link="BranchType_INDIR" file="shared_pseudocode.xml" hover="enumeration BranchType { BranchType_DIRCALL, BranchType_INDCALL, BranchType_ERET, BranchType_DBGEXIT, BranchType_RET, BranchType_DIR, BranchType_INDIR, BranchType_EXCEPTION, BranchType_TMFAIL, BranchType_RESET, BranchType_UNKNOWN}">BranchType_INDIR</a>, FALSE);</pstext>
    </ps>
  </ps_section>
</instructionsection>

