<?xml version="1.0" encoding="utf-8"?>
<?xml-stylesheet type="text/xsl" encoding="UTF-8" href="iform.xsl" version="1.0"?>
<!DOCTYPE instructionsection PUBLIC "-//ARM//DTD instructionsection //EN" "iform-p.dtd">
<!-- Copyright (c) 2010-2023 Arm Limited or its affiliates. All rights reserved. -->
<!-- This document is Non-Confidential. This document may only be used and distributed in accordance with the terms of the agreement entered into by Arm and the party that Arm delivered this document to. -->

<instructionsection id="CASP" title="CASP, CASPA, CASPAL, CASPL -- A64" type="instruction">
  <docvars>
    <docvar key="address-form" value="base-register"/>
    <docvar key="instr-class" value="general"/>
    <docvar key="isa" value="A64"/>
  </docvars>
  <heading>CASP, CASPA, CASPAL, CASPL</heading>
  <desc>
    <brief>
      <para>Compare and Swap Pair of words or doublewords in memory</para>
    </brief>
    <authored>
      <para>Compare and Swap Pair of words or doublewords in memory reads a pair
of 32-bit words or 64-bit doublewords from memory, and compares them
against the values held in the first pair of registers. If the
comparison is equal, the values in the second pair of registers are
written to memory.
If the writes are performed, the reads and writes occur atomically such
that no other modification of the memory location can take place
between the reads and writes.</para>
      <list type="unordered">
        <listitem>
          <content>
            <instruction>CASPA</instruction> and <instruction>CASPAL</instruction> load from memory with acquire semantics.</content>
        </listitem>
        <listitem>
          <content>
            <instruction>CASPL</instruction> and <instruction>CASPAL</instruction> store to memory with release semantics.</content>
        </listitem>
        <listitem>
          <content>
            <instruction>CASP</instruction> has neither acquire nor release semantics.</content>
        </listitem>
      </list>
      <para>For more information about memory ordering semantics, see
<xref linkend="ARMARM_BEIHCHEF">Load-Acquire, Store-Release</xref>.</para>
      <para>For information about memory accesses, see
<xref linkend="ARMARM_CHDIIIBB">Load/Store addressing modes</xref>.</para>
      <para>The architecture permits that the data read clears any exclusive
monitors associated with that location, even if the compare
subsequently fails.</para>
      <para>If the instruction generates a synchronous Data Abort, the registers
which are compared and loaded, that is <syntax>&lt;Ws&gt;</syntax> and
<syntax>&lt;W(s+1)&gt;</syntax>, or <syntax>&lt;Xs&gt;</syntax> and <syntax>&lt;X(s+1)&gt;</syntax>, are
restored to the values held in the registers before the instruction
was executed.</para>
    </authored>
  </desc>
  <alias_list howmany="0"/>
  <classes>
    <iclass name="No offset" oneof="1" id="iclass_no_offset" no_encodings="8" isa="A64">
      <docvars>
        <docvar key="address-form" value="base-register"/>
        <docvar key="instr-class" value="general"/>
        <docvar key="isa" value="A64"/>
      </docvars>
      <iclassintro count="8"/>
      <arch_variants>
        <arch_variant feature="FEAT_LSE" name="ARMv8.1"/>
      </arch_variants>
      <regdiagram form="32" psname="A64.ldst.comswappr.CASP_CP32_comswappr" tworows="1">
        <box hibit="31" width="1" settings="1">
          <c>0</c>
        </box>
        <box hibit="30" width="1" name="sz" usename="1">
          <c colspan="1"/>
        </box>
        <box hibit="29" width="7" settings="7">
          <c>0</c>
          <c>0</c>
          <c>1</c>
          <c>0</c>
          <c>0</c>
          <c>0</c>
          <c>0</c>
        </box>
        <box hibit="22" width="1" name="L" usename="1">
          <c colspan="1"/>
        </box>
        <box hibit="21" width="1" settings="1">
          <c>1</c>
        </box>
        <box hibit="20" width="5" name="Rs" usename="1">
          <c colspan="5"/>
        </box>
        <box hibit="15" width="1" name="o0" usename="1">
          <c colspan="1"/>
        </box>
        <box hibit="14" width="5" name="Rt2" usename="1" settings="5" psbits="xxxxx">
          <c>1</c>
          <c>1</c>
          <c>1</c>
          <c>1</c>
          <c>1</c>
        </box>
        <box hibit="9" width="5" name="Rn" usename="1">
          <c colspan="5"/>
        </box>
        <box hibit="4" width="5" name="Rt" usename="1">
          <c colspan="5"/>
        </box>
      </regdiagram>
      <encoding name="CASP_CP32_comswappr" oneofinclass="8" oneof="8" label="32-bit CASP" bitdiffs="sz == 0 &amp;&amp; L == 0 &amp;&amp; o0 == 0">
        <docvars>
          <docvar key="isa" value="A64"/>
          <docvar key="mnemonic" value="CASP"/>
          <docvar key="address-form" value="base-register"/>
          <docvar key="address-form-reg-type" value="base-register-pair-32"/>
          <docvar key="atomic-ops" value="CASP-pair-32"/>
          <docvar key="instr-class" value="general"/>
          <docvar key="reg-type" value="pair-32"/>
        </docvars>
        <box hibit="30" width="1" name="sz">
          <c>0</c>
        </box>
        <box hibit="22" width="1" name="L">
          <c>0</c>
        </box>
        <box hibit="15" width="1" name="o0">
          <c>0</c>
        </box>
        <asmtemplate><text>CASP  </text><a hover="Is the 32-bit name of the first general-purpose register to be compared and loaded, encoded in the &quot;Rs&quot; field. &amp;lt;Ws&amp;gt; must be an even-numbered register." link="Ws">&lt;Ws&gt;</a><text>, </text><a hover="Is the 32-bit name of the second general-purpose register to be compared and loaded." link="WsPlus1">&lt;W(s+1)&gt;</a><text>, </text><a hover="Is the 32-bit name of the first general-purpose register to be conditionally stored, encoded in the &quot;Rt&quot; field. &amp;lt;Wt&amp;gt; must be an even-numbered register." link="Wt">&lt;Wt&gt;</a><text>, </text><a hover="Is the 32-bit name of the second general-purpose register to be conditionally stored." link="WtPlus1">&lt;W(t+1)&gt;</a><text>, [</text><a hover="Is the 64-bit name of the general-purpose base register or stack pointer, encoded in the &quot;Rn&quot; field." link="XnSP_option">&lt;Xn|SP&gt;</a><text>{, #0}]</text></asmtemplate>
      </encoding>
      <encoding name="CASPA_CP32_comswappr" oneofinclass="8" oneof="8" label="32-bit CASPA" bitdiffs="sz == 0 &amp;&amp; L == 1 &amp;&amp; o0 == 0">
        <docvars>
          <docvar key="isa" value="A64"/>
          <docvar key="mnemonic" value="CASPA"/>
          <docvar key="address-form" value="base-register"/>
          <docvar key="address-form-reg-type" value="base-register-pair-32"/>
          <docvar key="atomic-ops" value="CASPA-pair-32"/>
          <docvar key="instr-class" value="general"/>
          <docvar key="reg-type" value="pair-32"/>
        </docvars>
        <box hibit="30" width="1" name="sz">
          <c>0</c>
        </box>
        <box hibit="22" width="1" name="L">
          <c>1</c>
        </box>
        <box hibit="15" width="1" name="o0">
          <c>0</c>
        </box>
        <asmtemplate><text>CASPA  </text><a hover="Is the 32-bit name of the first general-purpose register to be compared and loaded, encoded in the &quot;Rs&quot; field. &amp;lt;Ws&amp;gt; must be an even-numbered register." link="Ws">&lt;Ws&gt;</a><text>, </text><a hover="Is the 32-bit name of the second general-purpose register to be compared and loaded." link="WsPlus1">&lt;W(s+1)&gt;</a><text>, </text><a hover="Is the 32-bit name of the first general-purpose register to be conditionally stored, encoded in the &quot;Rt&quot; field. &amp;lt;Wt&amp;gt; must be an even-numbered register." link="Wt">&lt;Wt&gt;</a><text>, </text><a hover="Is the 32-bit name of the second general-purpose register to be conditionally stored." link="WtPlus1">&lt;W(t+1)&gt;</a><text>, [</text><a hover="Is the 64-bit name of the general-purpose base register or stack pointer, encoded in the &quot;Rn&quot; field." link="XnSP_option">&lt;Xn|SP&gt;</a><text>{, #0}]</text></asmtemplate>
      </encoding>
      <encoding name="CASPAL_CP32_comswappr" oneofinclass="8" oneof="8" label="32-bit CASPAL" bitdiffs="sz == 0 &amp;&amp; L == 1 &amp;&amp; o0 == 1">
        <docvars>
          <docvar key="isa" value="A64"/>
          <docvar key="mnemonic" value="CASPAL"/>
          <docvar key="address-form" value="base-register"/>
          <docvar key="address-form-reg-type" value="base-register-pair-32"/>
          <docvar key="atomic-ops" value="CASPAL-pair-32"/>
          <docvar key="instr-class" value="general"/>
          <docvar key="reg-type" value="pair-32"/>
        </docvars>
        <box hibit="30" width="1" name="sz">
          <c>0</c>
        </box>
        <box hibit="22" width="1" name="L">
          <c>1</c>
        </box>
        <box hibit="15" width="1" name="o0">
          <c>1</c>
        </box>
        <asmtemplate><text>CASPAL  </text><a hover="Is the 32-bit name of the first general-purpose register to be compared and loaded, encoded in the &quot;Rs&quot; field. &amp;lt;Ws&amp;gt; must be an even-numbered register." link="Ws">&lt;Ws&gt;</a><text>, </text><a hover="Is the 32-bit name of the second general-purpose register to be compared and loaded." link="WsPlus1">&lt;W(s+1)&gt;</a><text>, </text><a hover="Is the 32-bit name of the first general-purpose register to be conditionally stored, encoded in the &quot;Rt&quot; field. &amp;lt;Wt&amp;gt; must be an even-numbered register." link="Wt">&lt;Wt&gt;</a><text>, </text><a hover="Is the 32-bit name of the second general-purpose register to be conditionally stored." link="WtPlus1">&lt;W(t+1)&gt;</a><text>, [</text><a hover="Is the 64-bit name of the general-purpose base register or stack pointer, encoded in the &quot;Rn&quot; field." link="XnSP_option">&lt;Xn|SP&gt;</a><text>{, #0}]</text></asmtemplate>
      </encoding>
      <encoding name="CASPL_CP32_comswappr" oneofinclass="8" oneof="8" label="32-bit CASPL" bitdiffs="sz == 0 &amp;&amp; L == 0 &amp;&amp; o0 == 1">
        <docvars>
          <docvar key="isa" value="A64"/>
          <docvar key="mnemonic" value="CASPL"/>
          <docvar key="address-form" value="base-register"/>
          <docvar key="address-form-reg-type" value="base-register-pair-32"/>
          <docvar key="atomic-ops" value="CASPL-pair-32"/>
          <docvar key="instr-class" value="general"/>
          <docvar key="reg-type" value="pair-32"/>
        </docvars>
        <box hibit="30" width="1" name="sz">
          <c>0</c>
        </box>
        <box hibit="22" width="1" name="L">
          <c>0</c>
        </box>
        <box hibit="15" width="1" name="o0">
          <c>1</c>
        </box>
        <asmtemplate><text>CASPL  </text><a hover="Is the 32-bit name of the first general-purpose register to be compared and loaded, encoded in the &quot;Rs&quot; field. &amp;lt;Ws&amp;gt; must be an even-numbered register." link="Ws">&lt;Ws&gt;</a><text>, </text><a hover="Is the 32-bit name of the second general-purpose register to be compared and loaded." link="WsPlus1">&lt;W(s+1)&gt;</a><text>, </text><a hover="Is the 32-bit name of the first general-purpose register to be conditionally stored, encoded in the &quot;Rt&quot; field. &amp;lt;Wt&amp;gt; must be an even-numbered register." link="Wt">&lt;Wt&gt;</a><text>, </text><a hover="Is the 32-bit name of the second general-purpose register to be conditionally stored." link="WtPlus1">&lt;W(t+1)&gt;</a><text>, [</text><a hover="Is the 64-bit name of the general-purpose base register or stack pointer, encoded in the &quot;Rn&quot; field." link="XnSP_option">&lt;Xn|SP&gt;</a><text>{, #0}]</text></asmtemplate>
      </encoding>
      <encoding name="CASP_CP64_comswappr" oneofinclass="8" oneof="8" label="64-bit CASP" bitdiffs="sz == 1 &amp;&amp; L == 0 &amp;&amp; o0 == 0">
        <docvars>
          <docvar key="isa" value="A64"/>
          <docvar key="mnemonic" value="CASP"/>
          <docvar key="instr-class" value="general"/>
          <docvar key="address-form" value="base-register"/>
          <docvar key="address-form-reg-type" value="base-register-pair-64"/>
          <docvar key="atomic-ops" value="CASP-pair-64"/>
          <docvar key="reg-type" value="pair-64"/>
        </docvars>
        <box hibit="30" width="1" name="sz">
          <c>1</c>
        </box>
        <box hibit="22" width="1" name="L">
          <c>0</c>
        </box>
        <box hibit="15" width="1" name="o0">
          <c>0</c>
        </box>
        <asmtemplate><text>CASP  </text><a hover="Is the 64-bit name of the first general-purpose register to be compared and loaded, encoded in the &quot;Rs&quot; field. &amp;lt;Xs&amp;gt; must be an even-numbered register." link="Xs">&lt;Xs&gt;</a><text>, </text><a hover="Is the 64-bit name of the second general-purpose register to be compared and loaded." link="XsPlus1">&lt;X(s+1)&gt;</a><text>, </text><a hover="Is the 64-bit name of the first general-purpose register to be conditionally stored, encoded in the &quot;Rt&quot; field. &amp;lt;Xt&amp;gt; must be an even-numbered register." link="Xt">&lt;Xt&gt;</a><text>, </text><a hover="Is the 64-bit name of the second general-purpose register to be conditionally stored." link="XtPlus1__3">&lt;X(t+1)&gt;</a><text>, [</text><a hover="Is the 64-bit name of the general-purpose base register or stack pointer, encoded in the &quot;Rn&quot; field." link="XnSP_option">&lt;Xn|SP&gt;</a><text>{, #0}]</text></asmtemplate>
      </encoding>
      <encoding name="CASPA_CP64_comswappr" oneofinclass="8" oneof="8" label="64-bit CASPA" bitdiffs="sz == 1 &amp;&amp; L == 1 &amp;&amp; o0 == 0">
        <docvars>
          <docvar key="isa" value="A64"/>
          <docvar key="mnemonic" value="CASPA"/>
          <docvar key="instr-class" value="general"/>
          <docvar key="address-form" value="base-register"/>
          <docvar key="address-form-reg-type" value="base-register-pair-64"/>
          <docvar key="atomic-ops" value="CASPA-pair-64"/>
          <docvar key="reg-type" value="pair-64"/>
        </docvars>
        <box hibit="30" width="1" name="sz">
          <c>1</c>
        </box>
        <box hibit="22" width="1" name="L">
          <c>1</c>
        </box>
        <box hibit="15" width="1" name="o0">
          <c>0</c>
        </box>
        <asmtemplate><text>CASPA  </text><a hover="Is the 64-bit name of the first general-purpose register to be compared and loaded, encoded in the &quot;Rs&quot; field. &amp;lt;Xs&amp;gt; must be an even-numbered register." link="Xs">&lt;Xs&gt;</a><text>, </text><a hover="Is the 64-bit name of the second general-purpose register to be compared and loaded." link="XsPlus1">&lt;X(s+1)&gt;</a><text>, </text><a hover="Is the 64-bit name of the first general-purpose register to be conditionally stored, encoded in the &quot;Rt&quot; field. &amp;lt;Xt&amp;gt; must be an even-numbered register." link="Xt">&lt;Xt&gt;</a><text>, </text><a hover="Is the 64-bit name of the second general-purpose register to be conditionally stored." link="XtPlus1__3">&lt;X(t+1)&gt;</a><text>, [</text><a hover="Is the 64-bit name of the general-purpose base register or stack pointer, encoded in the &quot;Rn&quot; field." link="XnSP_option">&lt;Xn|SP&gt;</a><text>{, #0}]</text></asmtemplate>
      </encoding>
      <encoding name="CASPAL_CP64_comswappr" oneofinclass="8" oneof="8" label="64-bit CASPAL" bitdiffs="sz == 1 &amp;&amp; L == 1 &amp;&amp; o0 == 1">
        <docvars>
          <docvar key="isa" value="A64"/>
          <docvar key="mnemonic" value="CASPAL"/>
          <docvar key="instr-class" value="general"/>
          <docvar key="address-form" value="base-register"/>
          <docvar key="address-form-reg-type" value="base-register-pair-64"/>
          <docvar key="atomic-ops" value="CASPAL-pair-64"/>
          <docvar key="reg-type" value="pair-64"/>
        </docvars>
        <box hibit="30" width="1" name="sz">
          <c>1</c>
        </box>
        <box hibit="22" width="1" name="L">
          <c>1</c>
        </box>
        <box hibit="15" width="1" name="o0">
          <c>1</c>
        </box>
        <asmtemplate><text>CASPAL  </text><a hover="Is the 64-bit name of the first general-purpose register to be compared and loaded, encoded in the &quot;Rs&quot; field. &amp;lt;Xs&amp;gt; must be an even-numbered register." link="Xs">&lt;Xs&gt;</a><text>, </text><a hover="Is the 64-bit name of the second general-purpose register to be compared and loaded." link="XsPlus1">&lt;X(s+1)&gt;</a><text>, </text><a hover="Is the 64-bit name of the first general-purpose register to be conditionally stored, encoded in the &quot;Rt&quot; field. &amp;lt;Xt&amp;gt; must be an even-numbered register." link="Xt">&lt;Xt&gt;</a><text>, </text><a hover="Is the 64-bit name of the second general-purpose register to be conditionally stored." link="XtPlus1__3">&lt;X(t+1)&gt;</a><text>, [</text><a hover="Is the 64-bit name of the general-purpose base register or stack pointer, encoded in the &quot;Rn&quot; field." link="XnSP_option">&lt;Xn|SP&gt;</a><text>{, #0}]</text></asmtemplate>
      </encoding>
      <encoding name="CASPL_CP64_comswappr" oneofinclass="8" oneof="8" label="64-bit CASPL" bitdiffs="sz == 1 &amp;&amp; L == 0 &amp;&amp; o0 == 1">
        <docvars>
          <docvar key="isa" value="A64"/>
          <docvar key="mnemonic" value="CASPL"/>
          <docvar key="instr-class" value="general"/>
          <docvar key="address-form" value="base-register"/>
          <docvar key="address-form-reg-type" value="base-register-pair-64"/>
          <docvar key="atomic-ops" value="CASPL-pair-64"/>
          <docvar key="reg-type" value="pair-64"/>
        </docvars>
        <box hibit="30" width="1" name="sz">
          <c>1</c>
        </box>
        <box hibit="22" width="1" name="L">
          <c>0</c>
        </box>
        <box hibit="15" width="1" name="o0">
          <c>1</c>
        </box>
        <asmtemplate><text>CASPL  </text><a hover="Is the 64-bit name of the first general-purpose register to be compared and loaded, encoded in the &quot;Rs&quot; field. &amp;lt;Xs&amp;gt; must be an even-numbered register." link="Xs">&lt;Xs&gt;</a><text>, </text><a hover="Is the 64-bit name of the second general-purpose register to be compared and loaded." link="XsPlus1">&lt;X(s+1)&gt;</a><text>, </text><a hover="Is the 64-bit name of the first general-purpose register to be conditionally stored, encoded in the &quot;Rt&quot; field. &amp;lt;Xt&amp;gt; must be an even-numbered register." link="Xt">&lt;Xt&gt;</a><text>, </text><a hover="Is the 64-bit name of the second general-purpose register to be conditionally stored." link="XtPlus1__3">&lt;X(t+1)&gt;</a><text>, [</text><a hover="Is the 64-bit name of the general-purpose base register or stack pointer, encoded in the &quot;Rn&quot; field." link="XnSP_option">&lt;Xn|SP&gt;</a><text>{, #0}]</text></asmtemplate>
      </encoding>
      <ps_section howmany="1">
        <ps name="A64.ldst.comswappr.CASP_CP32_comswappr" sections="1" secttype="noheading">
          <pstext mayhavelinks="1" section="Decode" rep_section="decode">if !IsFeatureImplemented(FEAT_LSE) then UNDEFINED;
if Rs&lt;0&gt; == '1' then UNDEFINED;
if Rt&lt;0&gt; == '1' then UNDEFINED;

integer n = <a link="impl-shared.UInt.1" file="shared_pseudocode.xml" hover="function: integer UInt(bits(N) x)">UInt</a>(Rn);
integer t = <a link="impl-shared.UInt.1" file="shared_pseudocode.xml" hover="function: integer UInt(bits(N) x)">UInt</a>(Rt);
integer s = <a link="impl-shared.UInt.1" file="shared_pseudocode.xml" hover="function: integer UInt(bits(N) x)">UInt</a>(Rs);

constant integer datasize = 32 &lt;&lt; <a link="impl-shared.UInt.1" file="shared_pseudocode.xml" hover="function: integer UInt(bits(N) x)">UInt</a>(sz);
boolean acquire = L == '1';
boolean release = o0 == '1';
boolean tagchecked = n != 31;</pstext>
        </ps>
      </ps_section>
    </iclass>
  </classes>
  <explanations scope="all">
    <explanation enclist="CASP_CP32_comswappr, CASPA_CP32_comswappr, CASPAL_CP32_comswappr, CASPL_CP32_comswappr" symboldefcount="1">
      <symbol link="Ws">&lt;Ws&gt;</symbol>
      <account encodedin="Rs">
        <intro>
          <para>Is the 32-bit name of the first general-purpose register to be compared and loaded, encoded in the "Rs" field. &lt;Ws&gt; must be an even-numbered register.</para>
        </intro>
      </account>
    </explanation>
    <explanation enclist="CASP_CP32_comswappr, CASPA_CP32_comswappr, CASPAL_CP32_comswappr, CASPL_CP32_comswappr" symboldefcount="1">
      <symbol link="WsPlus1">&lt;W(s+1)&gt;</symbol>
      <account encodedin="Rs">
        <intro>
          <para>Is the 32-bit name of the second general-purpose register to be compared and loaded.</para>
        </intro>
      </account>
    </explanation>
    <explanation enclist="CASP_CP32_comswappr, CASPA_CP32_comswappr, CASPAL_CP32_comswappr, CASPL_CP32_comswappr" symboldefcount="1">
      <symbol link="Wt">&lt;Wt&gt;</symbol>
      <account encodedin="Rt">
        <intro>
          <para>Is the 32-bit name of the first general-purpose register to be conditionally stored, encoded in the "Rt" field. &lt;Wt&gt; must be an even-numbered register.</para>
        </intro>
      </account>
    </explanation>
    <explanation enclist="CASP_CP32_comswappr, CASPA_CP32_comswappr, CASPAL_CP32_comswappr, CASPL_CP32_comswappr" symboldefcount="1">
      <symbol link="WtPlus1">&lt;W(t+1)&gt;</symbol>
      <account encodedin="Rt">
        <intro>
          <para>Is the 32-bit name of the second general-purpose register to be conditionally stored.</para>
        </intro>
      </account>
    </explanation>
    <explanation enclist="CASP_CP32_comswappr, CASPA_CP32_comswappr, CASPAL_CP32_comswappr, CASPL_CP32_comswappr, CASP_CP64_comswappr, CASPA_CP64_comswappr, CASPAL_CP64_comswappr, CASPL_CP64_comswappr" symboldefcount="1">
      <symbol link="XnSP_option">&lt;Xn|SP&gt;</symbol>
      <account encodedin="Rn">
        <intro>
          <para>Is the 64-bit name of the general-purpose base register or stack pointer, encoded in the "Rn" field.</para>
        </intro>
      </account>
    </explanation>
    <explanation enclist="CASP_CP64_comswappr, CASPA_CP64_comswappr, CASPAL_CP64_comswappr, CASPL_CP64_comswappr" symboldefcount="1">
      <symbol link="Xs">&lt;Xs&gt;</symbol>
      <account encodedin="Rs">
        <intro>
          <para>Is the 64-bit name of the first general-purpose register to be compared and loaded, encoded in the "Rs" field. &lt;Xs&gt; must be an even-numbered register.</para>
        </intro>
      </account>
    </explanation>
    <explanation enclist="CASP_CP64_comswappr, CASPA_CP64_comswappr, CASPAL_CP64_comswappr, CASPL_CP64_comswappr" symboldefcount="1">
      <symbol link="XsPlus1">&lt;X(s+1)&gt;</symbol>
      <account encodedin="Rs">
        <intro>
          <para>Is the 64-bit name of the second general-purpose register to be compared and loaded.</para>
        </intro>
      </account>
    </explanation>
    <explanation enclist="CASP_CP64_comswappr, CASPA_CP64_comswappr, CASPAL_CP64_comswappr, CASPL_CP64_comswappr" symboldefcount="1">
      <symbol link="Xt">&lt;Xt&gt;</symbol>
      <account encodedin="Rt">
        <intro>
          <para>Is the 64-bit name of the first general-purpose register to be conditionally stored, encoded in the "Rt" field. &lt;Xt&gt; must be an even-numbered register.</para>
        </intro>
      </account>
    </explanation>
    <explanation enclist="CASP_CP64_comswappr, CASPA_CP64_comswappr, CASPAL_CP64_comswappr, CASPL_CP64_comswappr" symboldefcount="1">
      <symbol link="XtPlus1__3">&lt;X(t+1)&gt;</symbol>
      <account encodedin="Rt">
        <intro>
          <para>Is the 64-bit name of the second general-purpose register to be conditionally stored.</para>
        </intro>
      </account>
    </explanation>
  </explanations>
  <ps_section howmany="1">
    <ps name="A64.ldst.comswappr.CASP_CP32_comswappr" sections="1" secttype="Operation">
      <pstext mayhavelinks="1" section="Execute" rep_section="execute">bits(64) address;
bits(2*datasize) comparevalue;
bits(2*datasize) newvalue;
bits(2*datasize) data;

bits(datasize) s1 = <a link="impl-aarch64.X.read.2" file="shared_pseudocode.xml" hover="accessor: bits(width) X[integer n, integer width]">X</a>[s, datasize];
bits(datasize) s2 = <a link="impl-aarch64.X.read.2" file="shared_pseudocode.xml" hover="accessor: bits(width) X[integer n, integer width]">X</a>[s+1, datasize];
bits(datasize) t1 = <a link="impl-aarch64.X.read.2" file="shared_pseudocode.xml" hover="accessor: bits(width) X[integer n, integer width]">X</a>[t, datasize];
bits(datasize) t2 = <a link="impl-aarch64.X.read.2" file="shared_pseudocode.xml" hover="accessor: bits(width) X[integer n, integer width]">X</a>[t+1, datasize];

<a link="AccessDescriptor" file="shared_pseudocode.xml" hover="type AccessDescriptor is ( AccessType acctype, bits(2) el, SecurityState ss, boolean acqsc, boolean acqpc, boolean relsc, boolean limitedordered, boolean exclusive, boolean atomicop, MemAtomicOp modop, boolean nontemporal, boolean read, boolean write, CacheOp cacheop, CacheOpScope opscope, CacheType cachetype, boolean pan, boolean transactional, boolean nonfault, boolean firstfault, boolean first, boolean contiguous, boolean streamingsve, boolean ls64, boolean mops, boolean rcw, boolean rcws, boolean toplevel, VARange varange, boolean a32lsmd, boolean tagchecked, boolean tagaccess, boolean devstoreunpred, boolean ispair, boolean highestaddressfirst, MPAMinfo mpam )">AccessDescriptor</a> accdesc = <a link="impl-shared.CreateAccDescAtomicOp.4" file="shared_pseudocode.xml" hover="function: AccessDescriptor CreateAccDescAtomicOp(MemAtomicOp modop, boolean acquire, boolean release, boolean tagchecked)">CreateAccDescAtomicOp</a>(<a link="MemAtomicOp_CAS" file="shared_pseudocode.xml" hover="enumeration MemAtomicOp { MemAtomicOp_GCSSS1, MemAtomicOp_ADD, MemAtomicOp_BIC, MemAtomicOp_EOR, MemAtomicOp_ORR, MemAtomicOp_SMAX, MemAtomicOp_SMIN, MemAtomicOp_UMAX, MemAtomicOp_UMIN, MemAtomicOp_SWP, MemAtomicOp_CAS }">MemAtomicOp_CAS</a>, acquire, release, tagchecked);

comparevalue = if <a link="impl-shared.BigEndian.1" file="shared_pseudocode.xml" hover="function: boolean BigEndian(AccessType acctype)">BigEndian</a>(accdesc.acctype) then s1:s2 else s2:s1;
newvalue = if <a link="impl-shared.BigEndian.1" file="shared_pseudocode.xml" hover="function: boolean BigEndian(AccessType acctype)">BigEndian</a>(accdesc.acctype) then t1:t2 else t2:t1;
if n == 31 then
    <a link="impl-aarch64.CheckSPAlignment.0" file="shared_pseudocode.xml" hover="function: CheckSPAlignment()">CheckSPAlignment</a>();
    address = <a link="impl-aarch64.SP.read.0" file="shared_pseudocode.xml" hover="accessor: bits(64) SP[]">SP</a>[];
else
    address = <a link="impl-aarch64.X.read.2" file="shared_pseudocode.xml" hover="accessor: bits(width) X[integer n, integer width]">X</a>[n, 64];

data = <a link="impl-aarch64.MemAtomic.4" file="shared_pseudocode.xml" hover="function: bits(size) MemAtomic(bits(64) address, bits(size) cmpoperand, bits(size) operand, AccessDescriptor accdesc_in)">MemAtomic</a>(address, comparevalue, newvalue, accdesc);

if <a link="impl-shared.BigEndian.1" file="shared_pseudocode.xml" hover="function: boolean BigEndian(AccessType acctype)">BigEndian</a>(accdesc.acctype) then
    <a link="impl-aarch64.X.write.2" file="shared_pseudocode.xml" hover="accessor: X[integer n, integer width] = bits(width) value">X</a>[s, datasize] = data&lt;2*datasize-1:datasize&gt;;
    <a link="impl-aarch64.X.write.2" file="shared_pseudocode.xml" hover="accessor: X[integer n, integer width] = bits(width) value">X</a>[s+1, datasize] = data&lt;datasize-1:0&gt;;
else
    <a link="impl-aarch64.X.write.2" file="shared_pseudocode.xml" hover="accessor: X[integer n, integer width] = bits(width) value">X</a>[s, datasize] = data&lt;datasize-1:0&gt;;
    <a link="impl-aarch64.X.write.2" file="shared_pseudocode.xml" hover="accessor: X[integer n, integer width] = bits(width) value">X</a>[s+1, datasize] = data&lt;2*datasize-1:datasize&gt;;</pstext>
    </ps>
  </ps_section>
</instructionsection>

