<?xml version="1.0" encoding="utf-8"?>
<?xml-stylesheet type="text/xsl" encoding="UTF-8" href="iform.xsl" version="1.0"?>
<!DOCTYPE instructionsection PUBLIC "-//ARM//DTD instructionsection //EN" "iform-p.dtd">
<!-- Copyright (c) 2010-2023 Arm Limited or its affiliates. All rights reserved. -->
<!-- This document is Non-Confidential. This document may only be used and distributed in accordance with the terms of the agreement entered into by Arm and the party that Arm delivered this document to. -->

<instructionsection id="CINV_CSINV" title="CINV -- A64" type="alias">
  <docvars>
    <docvar key="alias_mnemonic" value="CINV"/>
    <docvar key="instr-class" value="general"/>
    <docvar key="isa" value="A64"/>
    <docvar key="mnemonic" value="CSINV"/>
  </docvars>
  <heading>CINV</heading>
  <desc>
    <brief>
      <para>Conditional Invert</para>
    </brief>
    <authored>
      <para>Conditional Invert returns, in the destination register,
the bitwise inversion of the value of the source register
if the condition is TRUE, and otherwise returns the value
of the source register.</para>
    </authored>
  </desc>
  <operationalnotes>
    <para>If PSTATE.DIT is 1:</para>
    <list type="unordered">
      <listitem>
        <content>The execution time of this instruction is independent of:<list type="unordered">
            <listitem>
              <content>The values of the data supplied in any of its registers.</content>
            </listitem>
            <listitem>
              <content>The values of the NZCV flags.</content>
            </listitem>
          </list>
        </content>
      </listitem>
      <listitem>
        <content>The response of this instruction to asynchronous exceptions does not vary based on:<list type="unordered">
            <listitem>
              <content>The values of the data supplied in any of its registers.</content>
            </listitem>
            <listitem>
              <content>The values of the NZCV flags.</content>
            </listitem>
          </list>
        </content>
      </listitem>
    </list>
  </operationalnotes>
  <aliasto refiform="csinv.xml" iformid="CSINV">CSINV</aliasto>
  <classes>
    <iclass name="Integer" oneof="1" id="iclass_integer" no_encodings="2" isa="A64">
      <docvars>
        <docvar key="instr-class" value="general"/>
        <docvar key="isa" value="A64"/>
        <docvar key="mnemonic" value="CSINV"/>
      </docvars>
      <iclassintro count="2"/>
      <regdiagram form="32" psname="A64.dpreg.condsel.CSINV_32_condsel.CINV" tworows="1">
        <box hibit="31" width="1" name="sf" usename="1">
          <c colspan="1"/>
        </box>
        <box hibit="30" name="op" usename="1" settings="1" psbits="x">
          <c>1</c>
        </box>
        <box hibit="29" name="S" usename="1" settings="1" psbits="x">
          <c>0</c>
        </box>
        <box hibit="28" width="8" settings="8">
          <c>1</c>
          <c>1</c>
          <c>0</c>
          <c>1</c>
          <c>0</c>
          <c>1</c>
          <c>0</c>
          <c>0</c>
        </box>
        <box hibit="20" width="5" name="Rm" usename="1" settings="5" constraint="!= 11111">
          <c colspan="5">!= 11111</c>
        </box>
        <box hibit="15" width="4" name="cond" usename="1" settings="3" psbits="xxxx" constraint="!= 111x">
          <c colspan="4">!= 111x</c>
        </box>
        <box hibit="11" width="1" settings="1">
          <c>0</c>
        </box>
        <box hibit="10" name="o2" usename="1" settings="1" psbits="x">
          <c>0</c>
        </box>
        <box hibit="9" width="5" name="Rn" usename="1" settings="5" constraint="!= 11111">
          <c colspan="5">!= 11111</c>
        </box>
        <box hibit="4" width="5" name="Rd" usename="1">
          <c colspan="5"/>
        </box>
      </regdiagram>
      <encoding name="CINV_CSINV_32_condsel" oneofinclass="2" oneof="2" label="32-bit" bitdiffs="sf == 0">
        <docvars>
          <docvar key="datatype" value="32"/>
          <docvar key="isa" value="A64"/>
          <docvar key="mnemonic" value="CSINV"/>
          <docvar key="alias_mnemonic" value="CINV"/>
          <docvar key="instr-class" value="general"/>
        </docvars>
        <box hibit="31" width="1" name="sf">
          <c>0</c>
        </box>
        <asmtemplate><text>CINV  </text><a hover="Is the 32-bit name of the general-purpose destination register, encoded in the &quot;Rd&quot; field." link="WdOrWZR">&lt;Wd&gt;</a><text>, </text><a hover="Is the 32-bit name of the general-purpose source register, encoded in the &quot;Rn&quot; and &quot;Rm&quot; fields." link="RmRn_option__3">&lt;Wn&gt;</a><text>, </text><a hover="Is one of the standard conditions, excluding AL and NV, encoded with its least significant bit inverted, and " link="cond_option__2">&lt;invcond&gt;</a></asmtemplate>
        <equivalent_to>
          <asmtemplate><a href="csinv.xml#CSINV_32_condsel">CSINV</a><text>  </text><a hover="Is the 32-bit name of the general-purpose destination register, encoded in the &quot;Rd&quot; field." href="csinv.xml#WdOrWZR">&lt;Wd&gt;</a><text>, </text><a hover="Is the 32-bit name of the first general-purpose source register, encoded in the &quot;Rn&quot; field." href="csinv.xml#WnOrWZR__3">&lt;Wn&gt;</a><text>, </text><a hover="Is the 32-bit name of the second general-purpose source register, encoded in the &quot;Rm&quot; field." href="csinv.xml#WmOrWZR__2">&lt;Wm&gt;</a><text>, </text><a hover="Is one of the standard conditions, encoded in the standard way, and " href="csinv.xml#cond_option">&lt;cond&gt;</a></asmtemplate>
          <aliascond>Rn == Rm</aliascond>
        </equivalent_to>
      </encoding>
      <encoding name="CINV_CSINV_64_condsel" oneofinclass="2" oneof="2" label="64-bit" bitdiffs="sf == 1">
        <docvars>
          <docvar key="datatype" value="64"/>
          <docvar key="isa" value="A64"/>
          <docvar key="mnemonic" value="CSINV"/>
          <docvar key="alias_mnemonic" value="CINV"/>
          <docvar key="instr-class" value="general"/>
        </docvars>
        <box hibit="31" width="1" name="sf">
          <c>1</c>
        </box>
        <asmtemplate><text>CINV  </text><a hover="Is the 64-bit name of the general-purpose destination register, encoded in the &quot;Rd&quot; field." link="XdOrXZR__6">&lt;Xd&gt;</a><text>, </text><a hover="Is the 64-bit name of the general-purpose source register, encoded in the &quot;Rn&quot; and &quot;Rm&quot; fields." link="RmRn_option__4">&lt;Xn&gt;</a><text>, </text><a hover="Is one of the standard conditions, excluding AL and NV, encoded with its least significant bit inverted, and " link="cond_option__2">&lt;invcond&gt;</a></asmtemplate>
        <equivalent_to>
          <asmtemplate><a href="csinv.xml#CSINV_64_condsel">CSINV</a><text>  </text><a hover="Is the 64-bit name of the general-purpose destination register, encoded in the &quot;Rd&quot; field." href="csinv.xml#XdOrXZR__6">&lt;Xd&gt;</a><text>, </text><a hover="Is the 64-bit name of the first general-purpose source register, encoded in the &quot;Rn&quot; field." href="csinv.xml#XnOrXZR__12">&lt;Xn&gt;</a><text>, </text><a hover="Is the 64-bit name of the second general-purpose source register, encoded in the &quot;Rm&quot; field." href="csinv.xml#XmOrXZR__4">&lt;Xm&gt;</a><text>, </text><a hover="Is one of the standard conditions, encoded in the standard way, and " href="csinv.xml#cond_option">&lt;cond&gt;</a></asmtemplate>
          <aliascond>Rn == Rm</aliascond>
        </equivalent_to>
      </encoding>
    </iclass>
  </classes>
  <explanations scope="all">
    <explanation enclist="CINV_CSINV_32_condsel" symboldefcount="1">
      <symbol link="WdOrWZR">&lt;Wd&gt;</symbol>
      <account encodedin="Rd">
        <intro>
          <para>Is the 32-bit name of the general-purpose destination register, encoded in the "Rd" field.</para>
        </intro>
      </account>
    </explanation>
    <explanation enclist="CINV_CSINV_32_condsel" symboldefcount="1">
      <symbol link="RmRn_option__3">&lt;Wn&gt;</symbol>
      <account encodedin="Rn">
        <intro>
          <para>Is the 32-bit name of the general-purpose source register, encoded in the "Rn" and "Rm" fields.</para>
        </intro>
      </account>
    </explanation>
    <explanation enclist="CINV_CSINV_32_condsel, CINV_CSINV_64_condsel" symboldefcount="1">
      <symbol link="cond_option__2">&lt;invcond&gt;</symbol>
      <definition encodedin="cond">
        <intro>Is one of the standard conditions, excluding AL and NV, encoded with its least significant bit inverted, and </intro>
        <table class="valuetable">
          <tgroup cols="3">
            <thead>
              <row>
                <entry class="bitfield">cond</entry>
                <entry class="symbol">&lt;invcond&gt;</entry>
                <entry class="symbol">Description</entry>
              </row>
            </thead>
            <tbody>
              <row>
                <entry class="bitfield">0000</entry>
                <entry class="symbol">NE</entry>
                <entry class="description">
                  <para>Is equivalent to <syntax>&lt;cond&gt;</syntax> EQ.</para>
                </entry>
              </row>
              <row>
                <entry class="bitfield">0001</entry>
                <entry class="symbol">EQ</entry>
                <entry class="description">
                  <para>Is equivalent to <syntax>&lt;cond&gt;</syntax> NE.</para>
                </entry>
              </row>
              <row>
                <entry class="bitfield">0010</entry>
                <entry class="symbol">CC</entry>
                <entry class="description">
                  <para>Is equivalent to <syntax>&lt;cond&gt;</syntax> CS.</para>
                </entry>
              </row>
              <row>
                <entry class="bitfield">0011</entry>
                <entry class="symbol">CS</entry>
                <entry class="description">
                  <para>Is equivalent to <syntax>&lt;cond&gt;</syntax> CC.</para>
                </entry>
              </row>
              <row>
                <entry class="bitfield">0100</entry>
                <entry class="symbol">PL</entry>
                <entry class="description">
                  <para>Is equivalent to <syntax>&lt;cond&gt;</syntax> MI.</para>
                </entry>
              </row>
              <row>
                <entry class="bitfield">0101</entry>
                <entry class="symbol">MI</entry>
                <entry class="description">
                  <para>Is equivalent to <syntax>&lt;cond&gt;</syntax> PL.</para>
                </entry>
              </row>
              <row>
                <entry class="bitfield">0110</entry>
                <entry class="symbol">VC</entry>
                <entry class="description">
                  <para>Is equivalent to <syntax>&lt;cond&gt;</syntax> VS.</para>
                </entry>
              </row>
              <row>
                <entry class="bitfield">0111</entry>
                <entry class="symbol">VS</entry>
                <entry class="description">
                  <para>Is equivalent to <syntax>&lt;cond&gt;</syntax> VC.</para>
                </entry>
              </row>
              <row>
                <entry class="bitfield">1000</entry>
                <entry class="symbol">LS</entry>
                <entry class="description">
                  <para>Is equivalent to <syntax>&lt;cond&gt;</syntax> HI.</para>
                </entry>
              </row>
              <row>
                <entry class="bitfield">1001</entry>
                <entry class="symbol">HI</entry>
                <entry class="description">
                  <para>Is equivalent to <syntax>&lt;cond&gt;</syntax> LS.</para>
                </entry>
              </row>
              <row>
                <entry class="bitfield">1010</entry>
                <entry class="symbol">LT</entry>
                <entry class="description">
                  <para>Is equivalent to <syntax>&lt;cond&gt;</syntax> GE.</para>
                </entry>
              </row>
              <row>
                <entry class="bitfield">1011</entry>
                <entry class="symbol">GE</entry>
                <entry class="description">
                  <para>Is equivalent to <syntax>&lt;cond&gt;</syntax> LT.</para>
                </entry>
              </row>
              <row>
                <entry class="bitfield">1100</entry>
                <entry class="symbol">LE</entry>
                <entry class="description">
                  <para>Is equivalent to <syntax>&lt;cond&gt;</syntax> GT.</para>
                </entry>
              </row>
              <row>
                <entry class="bitfield">1101</entry>
                <entry class="symbol">GT</entry>
                <entry class="description">
                  <para>Is equivalent to <syntax>&lt;cond&gt;</syntax> LE.</para>
                </entry>
              </row>
            </tbody>
          </tgroup>
        </table>
      </definition>
    </explanation>
    <explanation enclist="CINV_CSINV_64_condsel" symboldefcount="1">
      <symbol link="XdOrXZR__6">&lt;Xd&gt;</symbol>
      <account encodedin="Rd">
        <intro>
          <para>Is the 64-bit name of the general-purpose destination register, encoded in the "Rd" field.</para>
        </intro>
      </account>
    </explanation>
    <explanation enclist="CINV_CSINV_64_condsel" symboldefcount="1">
      <symbol link="RmRn_option__4">&lt;Xn&gt;</symbol>
      <account encodedin="Rn">
        <intro>
          <para>Is the 64-bit name of the general-purpose source register, encoded in the "Rn" and "Rm" fields.</para>
        </intro>
      </account>
    </explanation>
  </explanations>
</instructionsection>

