<?xml version="1.0" encoding="utf-8"?>
<?xml-stylesheet type="text/xsl" encoding="UTF-8" href="iform.xsl" version="1.0"?>
<!DOCTYPE instructionsection PUBLIC "-//ARM//DTD instructionsection //EN" "iform-p.dtd">
<!-- Copyright (c) 2010-2023 Arm Limited or its affiliates. All rights reserved. -->
<!-- This document is Non-Confidential. This document may only be used and distributed in accordance with the terms of the agreement entered into by Arm and the party that Arm delivered this document to. -->

<instructionsection id="CLS_advsimd" title="CLS (vector) -- A64" type="instruction">
  <docvars>
    <docvar key="advsimd-type" value="simd"/>
    <docvar key="instr-class" value="advsimd"/>
    <docvar key="isa" value="A64"/>
    <docvar key="mnemonic" value="CLS"/>
  </docvars>
  <heading>CLS (vector)</heading>
  <desc>
    <brief>
      <para>Count Leading Sign bits (vector)</para>
    </brief>
    <authored>
      <para>Count Leading Sign bits (vector).
This instruction counts the number of consecutive bits following the
most significant bit that are the same
as the most significant bit in each vector element in the source SIMD&amp;FP register,
places the result into a vector,
and writes the vector to the destination SIMD&amp;FP register.
The count does not include the most significant bit itself.</para>
      <para>Depending on the settings in the <register_link id="AArch64-cpacr_el1.xml" state="AArch64">CPACR_EL1</register_link>,
<register_link id="AArch64-cptr_el2.xml" state="AArch64">CPTR_EL2</register_link>, and <register_link id="AArch64-cptr_el3.xml" state="AArch64">CPTR_EL3</register_link> registers,
and the current Security state and Exception level,
an attempt to execute the instruction might be trapped.</para>
    </authored>
  </desc>
  <operationalnotes>
    <para>If PSTATE.DIT is 1:</para>
    <list type="unordered">
      <listitem>
        <content>The execution time of this instruction is independent of:<list type="unordered">
            <listitem>
              <content>The values of the data supplied in any of its registers.</content>
            </listitem>
            <listitem>
              <content>The values of the NZCV flags.</content>
            </listitem>
          </list>
        </content>
      </listitem>
      <listitem>
        <content>The response of this instruction to asynchronous exceptions does not vary based on:<list type="unordered">
            <listitem>
              <content>The values of the data supplied in any of its registers.</content>
            </listitem>
            <listitem>
              <content>The values of the NZCV flags.</content>
            </listitem>
          </list>
        </content>
      </listitem>
    </list>
  </operationalnotes>
  <alias_list howmany="0"/>
  <classes>
    <iclass name="Vector" oneof="1" id="iclass_vector" no_encodings="1" isa="A64">
      <docvars>
        <docvar key="advsimd-type" value="simd"/>
        <docvar key="instr-class" value="advsimd"/>
        <docvar key="isa" value="A64"/>
        <docvar key="mnemonic" value="CLS"/>
      </docvars>
      <iclassintro count="1"/>
      <regdiagram form="32" psname="A64.simd_dp.asimdmisc.CLS_asimdmisc_R" tworows="1">
        <box hibit="31" width="1" settings="1">
          <c>0</c>
        </box>
        <box hibit="30" width="1" name="Q" usename="1">
          <c colspan="1"/>
        </box>
        <box hibit="29" name="U" usename="1" settings="1" psbits="x">
          <c>0</c>
        </box>
        <box hibit="28" width="5" settings="5">
          <c>0</c>
          <c>1</c>
          <c>1</c>
          <c>1</c>
          <c>0</c>
        </box>
        <box hibit="23" width="2" name="size" usename="1">
          <c colspan="2"/>
        </box>
        <box hibit="21" width="5" settings="5">
          <c>1</c>
          <c>0</c>
          <c>0</c>
          <c>0</c>
          <c>0</c>
        </box>
        <box hibit="16" width="5" name="opcode" usename="1" settings="5" psbits="xxxxx">
          <c>0</c>
          <c>0</c>
          <c>1</c>
          <c>0</c>
          <c>0</c>
        </box>
        <box hibit="11" width="2" settings="2">
          <c>1</c>
          <c>0</c>
        </box>
        <box hibit="9" width="5" name="Rn" usename="1">
          <c colspan="5"/>
        </box>
        <box hibit="4" width="5" name="Rd" usename="1">
          <c colspan="5"/>
        </box>
      </regdiagram>
      <encoding name="CLS_asimdmisc_R" oneofinclass="1" oneof="1" label="">
        <docvars>
          <docvar key="isa" value="A64"/>
          <docvar key="mnemonic" value="CLS"/>
          <docvar key="advsimd-type" value="simd"/>
          <docvar key="instr-class" value="advsimd"/>
        </docvars>
        <asmtemplate><text>CLS  </text><a hover="Is the name of the SIMD&amp;amp;FP destination register, encoded in the &quot;Rd&quot; field." link="Vd">&lt;Vd&gt;</a><text>.</text><a hover="Is an arrangement specifier, " link="T_option__17">&lt;T&gt;</a><text>, </text><a hover="Is the name of the SIMD&amp;amp;FP source register, encoded in the &quot;Rn&quot; field." link="Vn">&lt;Vn&gt;</a><text>.</text><a hover="Is an arrangement specifier, " link="T_option__17">&lt;T&gt;</a></asmtemplate>
      </encoding>
      <ps_section howmany="1">
        <ps name="A64.simd_dp.asimdmisc.CLS_asimdmisc_R" sections="1" secttype="noheading">
          <pstext mayhavelinks="1" section="Decode" rep_section="decode">integer d = <a link="impl-shared.UInt.1" file="shared_pseudocode.xml" hover="function: integer UInt(bits(N) x)">UInt</a>(Rd);
integer n = <a link="impl-shared.UInt.1" file="shared_pseudocode.xml" hover="function: integer UInt(bits(N) x)">UInt</a>(Rn);

if size == '11' then UNDEFINED;
constant integer esize = 8 &lt;&lt; <a link="impl-shared.UInt.1" file="shared_pseudocode.xml" hover="function: integer UInt(bits(N) x)">UInt</a>(size);
constant integer datasize = 64 &lt;&lt; <a link="impl-shared.UInt.1" file="shared_pseudocode.xml" hover="function: integer UInt(bits(N) x)">UInt</a>(Q);
integer elements = datasize DIV esize;

<a link="CountOp" file="shared_pseudocode.xml" hover="enumeration CountOp     {CountOp_CLZ, CountOp_CLS, CountOp_CNT}">CountOp</a> countop = if U == '1' then <a link="CountOp_CLZ" file="shared_pseudocode.xml" hover="enumeration CountOp     {CountOp_CLZ, CountOp_CLS, CountOp_CNT}">CountOp_CLZ</a> else <a link="CountOp_CLS" file="shared_pseudocode.xml" hover="enumeration CountOp     {CountOp_CLZ, CountOp_CLS, CountOp_CNT}">CountOp_CLS</a>;</pstext>
        </ps>
      </ps_section>
    </iclass>
  </classes>
  <explanations scope="all">
    <explanation enclist="CLS_asimdmisc_R" symboldefcount="1">
      <symbol link="Vd">&lt;Vd&gt;</symbol>
      <account encodedin="Rd">
        <intro>
          <para>Is the name of the SIMD&amp;FP destination register, encoded in the "Rd" field.</para>
        </intro>
      </account>
    </explanation>
    <explanation enclist="CLS_asimdmisc_R" symboldefcount="1">
      <symbol link="T_option__17">&lt;T&gt;</symbol>
      <definition encodedin="size:Q">
        <intro>Is an arrangement specifier, </intro>
        <table class="valuetable">
          <tgroup cols="3">
            <thead>
              <row>
                <entry class="bitfield">size</entry>
                <entry class="bitfield">Q</entry>
                <entry class="symbol">&lt;T&gt;</entry>
              </row>
            </thead>
            <tbody>
              <row>
                <entry class="bitfield">00</entry>
                <entry class="bitfield">0</entry>
                <entry class="symbol">8B</entry>
              </row>
              <row>
                <entry class="bitfield">00</entry>
                <entry class="bitfield">1</entry>
                <entry class="symbol">16B</entry>
              </row>
              <row>
                <entry class="bitfield">01</entry>
                <entry class="bitfield">0</entry>
                <entry class="symbol">4H</entry>
              </row>
              <row>
                <entry class="bitfield">01</entry>
                <entry class="bitfield">1</entry>
                <entry class="symbol">8H</entry>
              </row>
              <row>
                <entry class="bitfield">10</entry>
                <entry class="bitfield">0</entry>
                <entry class="symbol">2S</entry>
              </row>
              <row>
                <entry class="bitfield">10</entry>
                <entry class="bitfield">1</entry>
                <entry class="symbol">4S</entry>
              </row>
              <row>
                <entry class="bitfield">11</entry>
                <entry class="bitfield">x</entry>
                <entry class="symbol">RESERVED</entry>
              </row>
            </tbody>
          </tgroup>
        </table>
      </definition>
    </explanation>
    <explanation enclist="CLS_asimdmisc_R" symboldefcount="1">
      <symbol link="Vn">&lt;Vn&gt;</symbol>
      <account encodedin="Rn">
        <intro>
          <para>Is the name of the SIMD&amp;FP source register, encoded in the "Rn" field.</para>
        </intro>
      </account>
    </explanation>
  </explanations>
  <ps_section howmany="1">
    <ps name="A64.simd_dp.asimdmisc.CLS_asimdmisc_R" sections="1" secttype="Operation">
      <pstext mayhavelinks="1" section="Execute" rep_section="execute"><a link="impl-aarch64.CheckFPAdvSIMDEnabled64.0" file="shared_pseudocode.xml" hover="function: CheckFPAdvSIMDEnabled64()">CheckFPAdvSIMDEnabled64</a>();
bits(datasize) operand = <a link="impl-aarch64.V.read.2" file="shared_pseudocode.xml" hover="accessor: bits(width) V[integer n, integer width]">V</a>[n, datasize];
bits(datasize) result;

integer count;
for e = 0 to elements-1
    if countop == <a link="CountOp_CLS" file="shared_pseudocode.xml" hover="enumeration CountOp     {CountOp_CLZ, CountOp_CLS, CountOp_CNT}">CountOp_CLS</a> then
        count = CountLeadingSignBits(<a link="impl-shared.Elem.read.3" file="shared_pseudocode.xml" hover="accessor: bits(size) Elem[bits(N) vector, integer e, integer size]">Elem</a>[operand, e, esize]);
    else
        count = CountLeadingZeroBits(<a link="impl-shared.Elem.read.3" file="shared_pseudocode.xml" hover="accessor: bits(size) Elem[bits(N) vector, integer e, integer size]">Elem</a>[operand, e, esize]);
    <a link="impl-shared.Elem.write.3" file="shared_pseudocode.xml" hover="accessor: Elem[bits(N) &amp;vector, integer e, integer size] = bits(size) value">Elem</a>[result, e, esize] = count&lt;esize-1:0&gt;;
<a link="impl-aarch64.V.write.2" file="shared_pseudocode.xml" hover="accessor: V[integer n, integer width] = bits(width) value">V</a>[d, datasize] = result;</pstext>
    </ps>
  </ps_section>
</instructionsection>

