<?xml version="1.0" encoding="utf-8"?>
<?xml-stylesheet type="text/xsl" encoding="UTF-8" href="iform.xsl" version="1.0"?>
<!DOCTYPE instructionsection PUBLIC "-//ARM//DTD instructionsection //EN" "iform-p.dtd">
<!-- Copyright (c) 2010-2023 Arm Limited or its affiliates. All rights reserved. -->
<!-- This document is Non-Confidential. This document may only be used and distributed in accordance with the terms of the agreement entered into by Arm and the party that Arm delivered this document to. -->

<instructionsection id="CMP_SUBS_addsub_shift" title="CMP (shifted register) -- A64" type="alias">
  <docvars>
    <docvar key="alias_mnemonic" value="CMP"/>
    <docvar key="cond-setting" value="S"/>
    <docvar key="instr-class" value="general"/>
    <docvar key="isa" value="A64"/>
    <docvar key="mnemonic" value="SUBS"/>
  </docvars>
  <heading>CMP (shifted register)</heading>
  <desc>
    <brief>
      <para>Compare (shifted register)</para>
    </brief>
    <authored>
      <para>Compare (shifted register) subtracts an optionally-shifted register
value from a register value. It updates the condition flags based
on the result, and discards the result.</para>
    </authored>
  </desc>
  <operationalnotes>
    <para>If PSTATE.DIT is 1:</para>
    <list type="unordered">
      <listitem>
        <content>The execution time of this instruction is independent of:<list type="unordered">
            <listitem>
              <content>The values of the data supplied in any of its registers.</content>
            </listitem>
            <listitem>
              <content>The values of the NZCV flags.</content>
            </listitem>
          </list>
        </content>
      </listitem>
      <listitem>
        <content>The response of this instruction to asynchronous exceptions does not vary based on:<list type="unordered">
            <listitem>
              <content>The values of the data supplied in any of its registers.</content>
            </listitem>
            <listitem>
              <content>The values of the NZCV flags.</content>
            </listitem>
          </list>
        </content>
      </listitem>
    </list>
  </operationalnotes>
  <aliasto refiform="subs_addsub_shift.xml" iformid="SUBS_addsub_shift">SUBS (shifted register)</aliasto>
  <classes>
    <iclass name="Setting the condition flags" oneof="1" id="iclass_setting_the_condition_flags" no_encodings="2" isa="A64">
      <docvars>
        <docvar key="cond-setting" value="S"/>
        <docvar key="instr-class" value="general"/>
        <docvar key="isa" value="A64"/>
        <docvar key="mnemonic" value="SUBS"/>
      </docvars>
      <iclassintro count="2"/>
      <regdiagram form="32" psname="A64.dpreg.addsub_shift.SUBS_32_addsub_shift.CMP" tworows="1">
        <box hibit="31" width="1" name="sf" usename="1">
          <c colspan="1"/>
        </box>
        <box hibit="30" name="op" usename="1" settings="1" psbits="x">
          <c>1</c>
        </box>
        <box hibit="29" name="S" usename="1" settings="1" psbits="x">
          <c>1</c>
        </box>
        <box hibit="28" width="5" settings="5">
          <c>0</c>
          <c>1</c>
          <c>0</c>
          <c>1</c>
          <c>1</c>
        </box>
        <box hibit="23" width="2" name="shift" usename="1">
          <c colspan="2"/>
        </box>
        <box hibit="21" width="1" settings="1">
          <c>0</c>
        </box>
        <box hibit="20" width="5" name="Rm" usename="1">
          <c colspan="5"/>
        </box>
        <box hibit="15" width="6" name="imm6" usename="1">
          <c colspan="6"/>
        </box>
        <box hibit="9" width="5" name="Rn" usename="1">
          <c colspan="5"/>
        </box>
        <box hibit="4" width="5" name="Rd" usename="1" settings="5" psbits="xxxxx">
          <c>1</c>
          <c>1</c>
          <c>1</c>
          <c>1</c>
          <c>1</c>
        </box>
      </regdiagram>
      <encoding name="CMP_SUBS_32_addsub_shift" oneofinclass="2" oneof="2" label="32-bit" bitdiffs="sf == 0">
        <docvars>
          <docvar key="datatype" value="32"/>
          <docvar key="isa" value="A64"/>
          <docvar key="mnemonic" value="SUBS"/>
          <docvar key="alias_mnemonic" value="CMP"/>
          <docvar key="instr-class" value="general"/>
          <docvar key="cond-setting" value="S"/>
        </docvars>
        <box hibit="31" width="1" name="sf">
          <c>0</c>
        </box>
        <asmtemplate><text>CMP  </text><a hover="Is the 32-bit name of the first general-purpose source register, encoded in the &quot;Rn&quot; field." link="WnOrWZR__3">&lt;Wn&gt;</a><text>, </text><a hover="Is the 32-bit name of the second general-purpose source register, encoded in the &quot;Rm&quot; field." link="WmOrWZR__2">&lt;Wm&gt;</a><text>{, </text><a hover="Is the optional shift type to be applied to the second source operand, defaulting to LSL and " link="shift_option__2">&lt;shift&gt;</a><text> #</text><a hover="For the 32-bit variant: is the shift amount, in the range 0 to 31, defaulting to 0 and encoded in the &quot;imm6&quot; field." link="amount__5">&lt;amount&gt;</a><text>}</text></asmtemplate>
        <equivalent_to>
          <asmtemplate><a href="subs_addsub_shift.xml#SUBS_32_addsub_shift">SUBS</a><text>  WZR, </text><a hover="Is the 32-bit name of the first general-purpose source register, encoded in the &quot;Rn&quot; field." href="subs_addsub_shift.xml#WnOrWZR__3">&lt;Wn&gt;</a><text>, </text><a hover="Is the 32-bit name of the second general-purpose source register, encoded in the &quot;Rm&quot; field." href="subs_addsub_shift.xml#WmOrWZR__2">&lt;Wm&gt;</a><text>{, </text><a hover="Is the optional shift type to be applied to the second source operand, defaulting to LSL and " href="subs_addsub_shift.xml#shift_option__2">&lt;shift&gt;</a><text> #</text><a hover="For the 32-bit variant: is the shift amount, in the range 0 to 31, defaulting to 0 and encoded in the &quot;imm6&quot; field." href="subs_addsub_shift.xml#amount__5">&lt;amount&gt;</a><text>}</text></asmtemplate>
          <aliascond>Unconditionally</aliascond>
        </equivalent_to>
      </encoding>
      <encoding name="CMP_SUBS_64_addsub_shift" oneofinclass="2" oneof="2" label="64-bit" bitdiffs="sf == 1">
        <docvars>
          <docvar key="datatype" value="64"/>
          <docvar key="isa" value="A64"/>
          <docvar key="mnemonic" value="SUBS"/>
          <docvar key="alias_mnemonic" value="CMP"/>
          <docvar key="instr-class" value="general"/>
          <docvar key="cond-setting" value="S"/>
        </docvars>
        <box hibit="31" width="1" name="sf">
          <c>1</c>
        </box>
        <asmtemplate><text>CMP  </text><a hover="Is the 64-bit name of the first general-purpose source register, encoded in the &quot;Rn&quot; field." link="XnOrXZR__12">&lt;Xn&gt;</a><text>, </text><a hover="Is the 64-bit name of the second general-purpose source register, encoded in the &quot;Rm&quot; field." link="XmOrXZR__4">&lt;Xm&gt;</a><text>{, </text><a hover="Is the optional shift type to be applied to the second source operand, defaulting to LSL and " link="shift_option__2">&lt;shift&gt;</a><text> #</text><a hover="For the 64-bit variant: is the shift amount, in the range 0 to 63, defaulting to 0 and encoded in the &quot;imm6&quot; field." link="amount__6">&lt;amount&gt;</a><text>}</text></asmtemplate>
        <equivalent_to>
          <asmtemplate><a href="subs_addsub_shift.xml#SUBS_64_addsub_shift">SUBS</a><text>  XZR, </text><a hover="Is the 64-bit name of the first general-purpose source register, encoded in the &quot;Rn&quot; field." href="subs_addsub_shift.xml#XnOrXZR__12">&lt;Xn&gt;</a><text>, </text><a hover="Is the 64-bit name of the second general-purpose source register, encoded in the &quot;Rm&quot; field." href="subs_addsub_shift.xml#XmOrXZR__4">&lt;Xm&gt;</a><text>{, </text><a hover="Is the optional shift type to be applied to the second source operand, defaulting to LSL and " href="subs_addsub_shift.xml#shift_option__2">&lt;shift&gt;</a><text> #</text><a hover="For the 64-bit variant: is the shift amount, in the range 0 to 63, defaulting to 0 and encoded in the &quot;imm6&quot; field." href="subs_addsub_shift.xml#amount__6">&lt;amount&gt;</a><text>}</text></asmtemplate>
          <aliascond>Unconditionally</aliascond>
        </equivalent_to>
      </encoding>
    </iclass>
  </classes>
  <explanations scope="all">
    <explanation enclist="CMP_SUBS_32_addsub_shift" symboldefcount="1">
      <symbol link="WnOrWZR__3">&lt;Wn&gt;</symbol>
      <account encodedin="Rn">
        <intro>
          <para>Is the 32-bit name of the first general-purpose source register, encoded in the "Rn" field.</para>
        </intro>
      </account>
    </explanation>
    <explanation enclist="CMP_SUBS_32_addsub_shift" symboldefcount="1">
      <symbol link="WmOrWZR__2">&lt;Wm&gt;</symbol>
      <account encodedin="Rm">
        <intro>
          <para>Is the 32-bit name of the second general-purpose source register, encoded in the "Rm" field.</para>
        </intro>
      </account>
    </explanation>
    <explanation enclist="CMP_SUBS_32_addsub_shift, CMP_SUBS_64_addsub_shift" symboldefcount="1">
      <symbol link="shift_option__2">&lt;shift&gt;</symbol>
      <definition encodedin="shift">
        <intro>Is the optional shift type to be applied to the second source operand, defaulting to LSL and </intro>
        <table class="valuetable">
          <tgroup cols="2">
            <thead>
              <row>
                <entry class="bitfield">shift</entry>
                <entry class="symbol">&lt;shift&gt;</entry>
              </row>
            </thead>
            <tbody>
              <row>
                <entry class="bitfield">00</entry>
                <entry class="symbol">LSL</entry>
              </row>
              <row>
                <entry class="bitfield">01</entry>
                <entry class="symbol">LSR</entry>
              </row>
              <row>
                <entry class="bitfield">10</entry>
                <entry class="symbol">ASR</entry>
              </row>
              <row>
                <entry class="bitfield">11</entry>
                <entry class="symbol">RESERVED</entry>
              </row>
            </tbody>
          </tgroup>
        </table>
      </definition>
    </explanation>
    <explanation enclist="CMP_SUBS_32_addsub_shift" symboldefcount="1">
      <symbol link="amount__5">&lt;amount&gt;</symbol>
      <account encodedin="imm6">
        <intro>
          <para>For the 32-bit variant: is the shift amount, in the range 0 to 31, defaulting to 0 and encoded in the "imm6" field.</para>
        </intro>
      </account>
    </explanation>
    <explanation enclist="CMP_SUBS_64_addsub_shift" symboldefcount="2">
      <symbol link="amount__6">&lt;amount&gt;</symbol>
      <account encodedin="imm6">
        <intro>
          <para>For the 64-bit variant: is the shift amount, in the range 0 to 63, defaulting to 0 and encoded in the "imm6" field.</para>
        </intro>
      </account>
    </explanation>
    <explanation enclist="CMP_SUBS_64_addsub_shift" symboldefcount="1">
      <symbol link="XnOrXZR__12">&lt;Xn&gt;</symbol>
      <account encodedin="Rn">
        <intro>
          <para>Is the 64-bit name of the first general-purpose source register, encoded in the "Rn" field.</para>
        </intro>
      </account>
    </explanation>
    <explanation enclist="CMP_SUBS_64_addsub_shift" symboldefcount="1">
      <symbol link="XmOrXZR__4">&lt;Xm&gt;</symbol>
      <account encodedin="Rm">
        <intro>
          <para>Is the 64-bit name of the second general-purpose source register, encoded in the "Rm" field.</para>
        </intro>
      </account>
    </explanation>
  </explanations>
</instructionsection>

