<?xml version="1.0" encoding="utf-8"?>
<?xml-stylesheet type="text/xsl" encoding="UTF-8" href="iform.xsl" version="1.0"?>
<!DOCTYPE instructionsection PUBLIC "-//ARM//DTD instructionsection //EN" "iform-p.dtd">
<!-- Copyright (c) 2010-2023 Arm Limited or its affiliates. All rights reserved. -->
<!-- This document is Non-Confidential. This document may only be used and distributed in accordance with the terms of the agreement entered into by Arm and the party that Arm delivered this document to. -->

<instructionsection id="CSINV" title="CSINV -- A64" type="instruction">
  <docvars>
    <docvar key="instr-class" value="general"/>
    <docvar key="isa" value="A64"/>
    <docvar key="mnemonic" value="CSINV"/>
  </docvars>
  <heading>CSINV</heading>
  <desc>
    <brief>
      <para>Conditional Select Invert</para>
    </brief>
    <authored>
      <para>Conditional Select Invert returns, in the destination register,
the value of the first source register if the condition is TRUE,
and otherwise returns the bitwise inversion value of the second
source register.</para>
    </authored>
  </desc>
  <operationalnotes>
    <para>If PSTATE.DIT is 1:</para>
    <list type="unordered">
      <listitem>
        <content>The execution time of this instruction is independent of:<list type="unordered">
            <listitem>
              <content>The values of the data supplied in any of its registers.</content>
            </listitem>
            <listitem>
              <content>The values of the NZCV flags.</content>
            </listitem>
          </list>
        </content>
      </listitem>
      <listitem>
        <content>The response of this instruction to asynchronous exceptions does not vary based on:<list type="unordered">
            <listitem>
              <content>The values of the data supplied in any of its registers.</content>
            </listitem>
            <listitem>
              <content>The values of the NZCV flags.</content>
            </listitem>
          </list>
        </content>
      </listitem>
    </list>
  </operationalnotes>
  <alias_list howmany="2">
    <alias_list_intro>This instruction is used by the aliases </alias_list_intro>
    <aliasref aliaspageid="CINV_CSINV" aliasfile="cinv_csinv.xml" hover="Conditional Invert" punct=" and ">
      <text>CINV</text>
      <aliaspref>Rm != '11111' &amp;&amp; Rn != '11111' &amp;&amp; !(cond IN {'111x'}) &amp;&amp; Rn == Rm</aliaspref>
    </aliasref>
    <aliasref aliaspageid="CSETM_CSINV" aliasfile="csetm_csinv.xml" hover="Conditional Set Mask" punct=".">
      <text>CSETM</text>
      <aliaspref>Rm == '11111' &amp;&amp; Rn == '11111' &amp;&amp; !(cond IN {'111x'})</aliaspref>
    </aliasref>
    <alias_list_outro>
      <text>  See </text>
      <aliastablelink/>
      <text> below for details of when each alias is preferred.</text>
    </alias_list_outro>
  </alias_list>
  <classes>
    <iclass name="Integer" oneof="1" id="iclass_integer" no_encodings="2" isa="A64">
      <docvars>
        <docvar key="instr-class" value="general"/>
        <docvar key="isa" value="A64"/>
        <docvar key="mnemonic" value="CSINV"/>
      </docvars>
      <iclassintro count="2"/>
      <regdiagram form="32" psname="A64.dpreg.condsel.CSINV_32_condsel" tworows="1">
        <box hibit="31" width="1" name="sf" usename="1">
          <c colspan="1"/>
        </box>
        <box hibit="30" name="op" usename="1" settings="1" psbits="x">
          <c>1</c>
        </box>
        <box hibit="29" name="S" usename="1" settings="1" psbits="x">
          <c>0</c>
        </box>
        <box hibit="28" width="8" settings="8">
          <c>1</c>
          <c>1</c>
          <c>0</c>
          <c>1</c>
          <c>0</c>
          <c>1</c>
          <c>0</c>
          <c>0</c>
        </box>
        <box hibit="20" width="5" name="Rm" usename="1">
          <c colspan="5"/>
        </box>
        <box hibit="15" width="4" name="cond" usename="1">
          <c colspan="4"/>
        </box>
        <box hibit="11" width="1" settings="1">
          <c>0</c>
        </box>
        <box hibit="10" name="o2" usename="1" settings="1" psbits="x">
          <c>0</c>
        </box>
        <box hibit="9" width="5" name="Rn" usename="1">
          <c colspan="5"/>
        </box>
        <box hibit="4" width="5" name="Rd" usename="1">
          <c colspan="5"/>
        </box>
      </regdiagram>
      <encoding name="CSINV_32_condsel" oneofinclass="2" oneof="2" label="32-bit" bitdiffs="sf == 0">
        <docvars>
          <docvar key="datatype" value="32"/>
          <docvar key="isa" value="A64"/>
          <docvar key="mnemonic" value="CSINV"/>
          <docvar key="instr-class" value="general"/>
        </docvars>
        <box hibit="31" width="1" name="sf">
          <c>0</c>
        </box>
        <asmtemplate><text>CSINV  </text><a hover="Is the 32-bit name of the general-purpose destination register, encoded in the &quot;Rd&quot; field." link="WdOrWZR">&lt;Wd&gt;</a><text>, </text><a hover="Is the 32-bit name of the first general-purpose source register, encoded in the &quot;Rn&quot; field." link="WnOrWZR__3">&lt;Wn&gt;</a><text>, </text><a hover="Is the 32-bit name of the second general-purpose source register, encoded in the &quot;Rm&quot; field." link="WmOrWZR__2">&lt;Wm&gt;</a><text>, </text><a hover="Is one of the standard conditions, encoded in the standard way, and " link="cond_option">&lt;cond&gt;</a></asmtemplate>
      </encoding>
      <encoding name="CSINV_64_condsel" oneofinclass="2" oneof="2" label="64-bit" bitdiffs="sf == 1">
        <docvars>
          <docvar key="datatype" value="64"/>
          <docvar key="isa" value="A64"/>
          <docvar key="mnemonic" value="CSINV"/>
          <docvar key="instr-class" value="general"/>
        </docvars>
        <box hibit="31" width="1" name="sf">
          <c>1</c>
        </box>
        <asmtemplate><text>CSINV  </text><a hover="Is the 64-bit name of the general-purpose destination register, encoded in the &quot;Rd&quot; field." link="XdOrXZR__6">&lt;Xd&gt;</a><text>, </text><a hover="Is the 64-bit name of the first general-purpose source register, encoded in the &quot;Rn&quot; field." link="XnOrXZR__12">&lt;Xn&gt;</a><text>, </text><a hover="Is the 64-bit name of the second general-purpose source register, encoded in the &quot;Rm&quot; field." link="XmOrXZR__4">&lt;Xm&gt;</a><text>, </text><a hover="Is one of the standard conditions, encoded in the standard way, and " link="cond_option">&lt;cond&gt;</a></asmtemplate>
      </encoding>
      <ps_section howmany="1">
        <ps name="A64.dpreg.condsel.CSINV_32_condsel" sections="1" secttype="noheading">
          <pstext mayhavelinks="1" section="Decode" rep_section="decode">integer d = <a link="impl-shared.UInt.1" file="shared_pseudocode.xml" hover="function: integer UInt(bits(N) x)">UInt</a>(Rd);
integer n = <a link="impl-shared.UInt.1" file="shared_pseudocode.xml" hover="function: integer UInt(bits(N) x)">UInt</a>(Rn);
integer m = <a link="impl-shared.UInt.1" file="shared_pseudocode.xml" hover="function: integer UInt(bits(N) x)">UInt</a>(Rm);
constant integer datasize = 32 &lt;&lt; <a link="impl-shared.UInt.1" file="shared_pseudocode.xml" hover="function: integer UInt(bits(N) x)">UInt</a>(sf);</pstext>
        </ps>
      </ps_section>
    </iclass>
  </classes>
  <explanations scope="all">
    <explanation enclist="CSINV_32_condsel" symboldefcount="1">
      <symbol link="WdOrWZR">&lt;Wd&gt;</symbol>
      <account encodedin="Rd">
        <intro>
          <para>Is the 32-bit name of the general-purpose destination register, encoded in the "Rd" field.</para>
        </intro>
      </account>
    </explanation>
    <explanation enclist="CSINV_32_condsel" symboldefcount="1">
      <symbol link="WnOrWZR__3">&lt;Wn&gt;</symbol>
      <account encodedin="Rn">
        <intro>
          <para>Is the 32-bit name of the first general-purpose source register, encoded in the "Rn" field.</para>
        </intro>
      </account>
    </explanation>
    <explanation enclist="CSINV_32_condsel" symboldefcount="1">
      <symbol link="WmOrWZR__2">&lt;Wm&gt;</symbol>
      <account encodedin="Rm">
        <intro>
          <para>Is the 32-bit name of the second general-purpose source register, encoded in the "Rm" field.</para>
        </intro>
      </account>
    </explanation>
    <explanation enclist="CSINV_32_condsel, CSINV_64_condsel" symboldefcount="1">
      <symbol link="cond_option">&lt;cond&gt;</symbol>
      <definition encodedin="cond">
        <intro>Is one of the standard conditions, encoded in the standard way, and </intro>
        <table class="valuetable">
          <tgroup cols="2">
            <thead>
              <row>
                <entry class="bitfield">cond</entry>
                <entry class="symbol">&lt;cond&gt;</entry>
              </row>
            </thead>
            <tbody>
              <row>
                <entry class="bitfield">0000</entry>
                <entry class="symbol">EQ</entry>
              </row>
              <row>
                <entry class="bitfield">0001</entry>
                <entry class="symbol">NE</entry>
              </row>
              <row>
                <entry class="bitfield">0010</entry>
                <entry class="symbol">CS</entry>
              </row>
              <row>
                <entry class="bitfield">0011</entry>
                <entry class="symbol">CC</entry>
              </row>
              <row>
                <entry class="bitfield">0100</entry>
                <entry class="symbol">MI</entry>
              </row>
              <row>
                <entry class="bitfield">0101</entry>
                <entry class="symbol">PL</entry>
              </row>
              <row>
                <entry class="bitfield">0110</entry>
                <entry class="symbol">VS</entry>
              </row>
              <row>
                <entry class="bitfield">0111</entry>
                <entry class="symbol">VC</entry>
              </row>
              <row>
                <entry class="bitfield">1000</entry>
                <entry class="symbol">HI</entry>
              </row>
              <row>
                <entry class="bitfield">1001</entry>
                <entry class="symbol">LS</entry>
              </row>
              <row>
                <entry class="bitfield">1010</entry>
                <entry class="symbol">GE</entry>
              </row>
              <row>
                <entry class="bitfield">1011</entry>
                <entry class="symbol">LT</entry>
              </row>
              <row>
                <entry class="bitfield">1100</entry>
                <entry class="symbol">GT</entry>
              </row>
              <row>
                <entry class="bitfield">1101</entry>
                <entry class="symbol">LE</entry>
              </row>
              <row>
                <entry class="bitfield">1110</entry>
                <entry class="symbol">AL</entry>
              </row>
              <row>
                <entry class="bitfield">1111</entry>
                <entry class="symbol">NV</entry>
              </row>
            </tbody>
          </tgroup>
        </table>
      </definition>
    </explanation>
    <explanation enclist="CSINV_64_condsel" symboldefcount="1">
      <symbol link="XdOrXZR__6">&lt;Xd&gt;</symbol>
      <account encodedin="Rd">
        <intro>
          <para>Is the 64-bit name of the general-purpose destination register, encoded in the "Rd" field.</para>
        </intro>
      </account>
    </explanation>
    <explanation enclist="CSINV_64_condsel" symboldefcount="1">
      <symbol link="XnOrXZR__12">&lt;Xn&gt;</symbol>
      <account encodedin="Rn">
        <intro>
          <para>Is the 64-bit name of the first general-purpose source register, encoded in the "Rn" field.</para>
        </intro>
      </account>
    </explanation>
    <explanation enclist="CSINV_64_condsel" symboldefcount="1">
      <symbol link="XmOrXZR__4">&lt;Xm&gt;</symbol>
      <account encodedin="Rm">
        <intro>
          <para>Is the 64-bit name of the second general-purpose source register, encoded in the "Rm" field.</para>
        </intro>
      </account>
    </explanation>
  </explanations>
  <aliastablehook anchor="aliasconditions">Alias Conditions</aliastablehook>
  <ps_section howmany="1">
    <ps name="A64.dpreg.condsel.CSINV_32_condsel" sections="1" secttype="Operation">
      <pstext mayhavelinks="1" section="Execute" rep_section="execute">bits(datasize) result;
if <a link="impl-shared.ConditionHolds.1" file="shared_pseudocode.xml" hover="function: boolean ConditionHolds(bits(4) cond)">ConditionHolds</a>(cond) then
    result = <a link="impl-aarch64.X.read.2" file="shared_pseudocode.xml" hover="accessor: bits(width) X[integer n, integer width]">X</a>[n, datasize];
else
    result = <a link="impl-aarch64.X.read.2" file="shared_pseudocode.xml" hover="accessor: bits(width) X[integer n, integer width]">X</a>[m, datasize];
    result = NOT(result);

<a link="impl-aarch64.X.write.2" file="shared_pseudocode.xml" hover="accessor: X[integer n, integer width] = bits(width) value">X</a>[d, datasize] = result;</pstext>
    </ps>
  </ps_section>
</instructionsection>

