<?xml version="1.0" encoding="utf-8"?>
<?xml-stylesheet type="text/xsl" encoding="UTF-8" href="iform.xsl" version="1.0"?>
<!DOCTYPE instructionsection PUBLIC "-//ARM//DTD instructionsection //EN" "iform-p.dtd">
<!-- Copyright (c) 2010-2023 Arm Limited or its affiliates. All rights reserved. -->
<!-- This document is Non-Confidential. This document may only be used and distributed in accordance with the terms of the agreement entered into by Arm and the party that Arm delivered this document to. -->

<instructionsection id="DGH" title="DGH -- A64" type="instruction">
  <docvars>
    <docvar key="instr-class" value="system"/>
    <docvar key="isa" value="A64"/>
    <docvar key="mnemonic" value="DGH"/>
  </docvars>
  <heading>DGH</heading>
  <desc>
    <brief>
      <para>Data Gathering Hint</para>
    </brief>
    <authored>
      <para>Data Gathering Hint is a hint instruction that indicates that it is not expected to be performance
optimal to merge memory accesses with Normal Non-cacheable or Device-GRE attributes appearing in program
order before the hint instruction with any memory accesses appearing after the hint instruction into a
single memory transaction on an interconnect.</para>
    </authored>
  </desc>
  <alias_list howmany="0"/>
  <classes>
    <iclass name="System" oneof="1" id="iclass_system" no_encodings="1" isa="A64">
      <docvars>
        <docvar key="instr-class" value="system"/>
        <docvar key="isa" value="A64"/>
        <docvar key="mnemonic" value="DGH"/>
      </docvars>
      <iclassintro count="1"/>
      <arch_variants>
        <arch_variant feature="FEAT_DGH" name="ARMv8.6"/>
      </arch_variants>
      <regdiagram form="32" psname="A64.control.hints.DGH_HI_hints" tworows="1">
        <box hibit="31" width="20" settings="20">
          <c>1</c>
          <c>1</c>
          <c>0</c>
          <c>1</c>
          <c>0</c>
          <c>1</c>
          <c>0</c>
          <c>1</c>
          <c>0</c>
          <c>0</c>
          <c>0</c>
          <c>0</c>
          <c>0</c>
          <c>0</c>
          <c>1</c>
          <c>1</c>
          <c>0</c>
          <c>0</c>
          <c>1</c>
          <c>0</c>
        </box>
        <box hibit="11" width="4" name="CRm" usename="1" settings="4" psbits="xxxx">
          <c>0</c>
          <c>0</c>
          <c>0</c>
          <c>0</c>
        </box>
        <box hibit="7" width="3" name="op2" usename="1" settings="3" psbits="xxx">
          <c>1</c>
          <c>1</c>
          <c>0</c>
        </box>
        <box hibit="4" width="5" settings="5">
          <c>1</c>
          <c>1</c>
          <c>1</c>
          <c>1</c>
          <c>1</c>
        </box>
      </regdiagram>
      <encoding name="DGH_HI_hints" oneofinclass="1" oneof="1" label="">
        <docvars>
          <docvar key="isa" value="A64"/>
          <docvar key="mnemonic" value="DGH"/>
          <docvar key="instr-class" value="system"/>
        </docvars>
        <asmtemplate><text>DGH</text></asmtemplate>
      </encoding>
      <ps_section howmany="1">
        <ps name="A64.control.hints.DGH_HI_hints" sections="1" secttype="noheading">
          <pstext mayhavelinks="1" section="Decode" rep_section="decode">
if !IsFeatureImplemented(FEAT_DGH) then <a link="impl-shared.EndOfInstruction.0" file="shared_pseudocode.xml" hover="function: EndOfInstruction()">EndOfInstruction</a>();</pstext>
        </ps>
      </ps_section>
    </iclass>
  </classes>
  <explanations scope="all"/>
  <ps_section howmany="1">
    <ps name="A64.control.hints.DGH_HI_hints" sections="1" secttype="Operation">
      <pstext mayhavelinks="1" section="Execute" rep_section="execute"><a link="impl-shared.Hint_DGH.0" file="shared_pseudocode.xml" hover="function: Hint_DGH()">Hint_DGH</a>();</pstext>
    </ps>
  </ps_section>
</instructionsection>

